pkg-15.24-24pin-d0.8-footprint-compact,53e9770b-a15a-4fb3-8e0d-a5073922b4f7
pkg-15.24-24pin-d0.8-footprint-handsoldering,c9ad07c8-f148-475e-a7ae-b74a59548e7b
pkg-15.24-24pin-d0.8-pad-1,aa4f3c7b-c5ab-4675-ad0e-bb64769f6e5e
pkg-15.24-24pin-d0.8-pad-10,19795a69-d51e-4ead-8ae6-0688dccd6406
pkg-15.24-24pin-d0.8-pad-11,df50a975-d873-4f24-934c-7782cde121c0
pkg-15.24-24pin-d0.8-pad-12,a5a970ed-abf6-48c5-a73b-1b71d622a261
pkg-15.24-24pin-d0.8-pad-13,0d57e127-53ec-475d-940c-78029aa4e5ed
pkg-15.24-24pin-d0.8-pad-14,9b048396-31ad-4059-8ad5-5399fc6a110e
pkg-15.24-24pin-d0.8-pad-15,09ea1ccd-e47f-4b39-a83d-93c1c44a007a
pkg-15.24-24pin-d0.8-pad-16,6bbfa8ea-6724-455c-b82e-3efea63f82e1
pkg-15.24-24pin-d0.8-pad-17,7e802ab3-5ee8-47ed-8451-ff4566224591
pkg-15.24-24pin-d0.8-pad-18,c002aed6-0edc-406f-9ac4-74a29a7d34f0
pkg-15.24-24pin-d0.8-pad-19,ed16be7d-49af-4140-9e80-c0055cc9f667
pkg-15.24-24pin-d0.8-pad-2,74d6025f-95ba-4407-9e90-a6c129c24c21
pkg-15.24-24pin-d0.8-pad-20,f438fe68-bb77-490b-a1f7-3077e3381a46
pkg-15.24-24pin-d0.8-pad-21,669ffc53-6c28-4ca9-8ef9-4309b6750d9f
pkg-15.24-24pin-d0.8-pad-22,b11d70e9-af02-4746-8415-320c5f4fae14
pkg-15.24-24pin-d0.8-pad-23,d2359a00-b8cb-422b-b694-444803774d3d
pkg-15.24-24pin-d0.8-pad-24,5660f034-60ec-401e-885b-6720ebadadc0
pkg-15.24-24pin-d0.8-pad-3,fe4c731c-c325-48d4-9df0-633714baa266
pkg-15.24-24pin-d0.8-pad-4,75dd1249-5c8f-48e5-875f-19d822ffe5fa
pkg-15.24-24pin-d0.8-pad-5,86425d11-14be-4b79-8f41-47e809c74632
pkg-15.24-24pin-d0.8-pad-6,0cd9b780-9b91-41d3-9e0a-5424b95f79b8
pkg-15.24-24pin-d0.8-pad-7,9ab420a3-dfd4-462b-b613-5d0d6537047a
pkg-15.24-24pin-d0.8-pad-8,b275dd07-6b48-4e55-838b-99b33ee7d4c6
pkg-15.24-24pin-d0.8-pad-9,9d322dd5-ae2a-4109-807d-a56060f9905a
pkg-15.24-24pin-d0.8-pin1-dot-silkscreen-compact,94a60ea4-680b-4eaa-a958-9f55dd192e4a
pkg-15.24-24pin-d0.8-pin1-dot-silkscreen-handsoldering,2e18d7a9-4de4-4f59-8c92-17841fc7f9c1
pkg-15.24-24pin-d0.8-pkg,51057fee-d408-416e-bcae-4c7704ee5a93
pkg-15.24-24pin-d0.8-polygon-outline,7cfdbafa-02a2-4968-883e-86070f4b87b0
pkg-15.24-24pin-d0.8-polygon-outline-compact,e354e5dc-90aa-46be-b000-fe5063489a75
pkg-15.24-24pin-d0.8-polygon-outline-handsoldering,28374194-0210-4419-a647-8fe2dcbd8726
pkg-15.24-24pin-d0.8-polygon-silkscreen-compact,546be057-11c7-4151-a148-a509d1b8808d
pkg-15.24-24pin-d0.8-polygon-silkscreen-handsoldering,68f8ce45-55b1-44e5-a392-dd4b74d06314
pkg-15.24-24pin-d0.8-text-name,a30e080a-439e-4928-8e8a-2f5448486d8f
pkg-15.24-24pin-d0.8-text-name-compact,4eadf9b1-142b-4004-9d49-43903ab1b1b2
pkg-15.24-24pin-d0.8-text-name-handsoldering,662cff03-ed51-4fe8-bff7-68bb7b1cef02
pkg-15.24-24pin-d0.8-text-value,6dea5e36-636d-41be-9c4e-7fceba9b203b
pkg-15.24-24pin-d0.8-text-value-compact,da1739cf-b527-4bdc-83c6-ab9376f72422
pkg-15.24-24pin-d0.8-text-value-handsoldering,1ac482a9-7d1a-48d7-afd0-c888ea24477a
pkg-15.24-28pin-d0.8-footprint-compact,c1550e5c-69bf-490d-ac96-97a092aaab4c
pkg-15.24-28pin-d0.8-footprint-handsoldering,94e2326d-be62-4d61-83fb-49be8c855f0e
pkg-15.24-28pin-d0.8-pad-1,c0aee144-b8a2-4a8c-b4ca-00d774302f88
pkg-15.24-28pin-d0.8-pad-10,44b42f0b-bfdc-45cf-b243-426a0c3a6026
pkg-15.24-28pin-d0.8-pad-11,5a56845d-5ab7-430a-968a-bca807d5e115
pkg-15.24-28pin-d0.8-pad-12,e4fcafcb-6aed-4eb5-93ff-ccca31e8427d
pkg-15.24-28pin-d0.8-pad-13,00ecf6a4-9686-49cd-9918-055fe7abda84
pkg-15.24-28pin-d0.8-pad-14,28058d41-25d0-4253-a2df-779a35302011
pkg-15.24-28pin-d0.8-pad-15,ebabab7a-5a74-4394-992d-b3ddf8d175c3
pkg-15.24-28pin-d0.8-pad-16,cd82b17b-544f-4181-bfb5-f8111b46128b
pkg-15.24-28pin-d0.8-pad-17,069bfcc8-c708-4b36-84de-e17222843e10
pkg-15.24-28pin-d0.8-pad-18,acecf5d5-7bcd-43b6-a32a-214ee8f93ebb
pkg-15.24-28pin-d0.8-pad-19,ff6e5bdc-71b3-44a5-96fa-e98e53726b9e
pkg-15.24-28pin-d0.8-pad-2,aafdab99-2ab7-4610-a525-08f97e70cf5d
pkg-15.24-28pin-d0.8-pad-20,c152ac92-4001-4890-983b-0e28c1503e95
pkg-15.24-28pin-d0.8-pad-21,f5fb91d0-6c36-4f26-8a58-8b13463be064
pkg-15.24-28pin-d0.8-pad-22,47998c56-e119-46fd-a526-814f4a624018
pkg-15.24-28pin-d0.8-pad-23,646e4140-1e07-4341-bd6c-6d707e6e57cb
pkg-15.24-28pin-d0.8-pad-24,a838baae-15c4-4278-89c7-4c5f88f8e74f
pkg-15.24-28pin-d0.8-pad-25,f54e1eb3-6882-426a-a919-b55881dbf4ff
pkg-15.24-28pin-d0.8-pad-26,a6721f28-5e32-4420-a132-e68271852624
pkg-15.24-28pin-d0.8-pad-27,c17f2599-04d9-415d-b288-0b1b718f2726
pkg-15.24-28pin-d0.8-pad-28,918d03df-df62-4189-bc50-8eb5d57529da
pkg-15.24-28pin-d0.8-pad-3,a328ae6e-3e46-432b-9a07-a89102cd65c3
pkg-15.24-28pin-d0.8-pad-4,26e9ebfb-4419-477c-a124-c6a2fc902739
pkg-15.24-28pin-d0.8-pad-5,d6288629-ee9e-403a-ae04-c58fd95e8956
pkg-15.24-28pin-d0.8-pad-6,00d4cf99-4bfc-4601-b67f-5c3ff62e811c
pkg-15.24-28pin-d0.8-pad-7,962e41a1-642a-4311-9b20-59fed8cf70ab
pkg-15.24-28pin-d0.8-pad-8,d2d7c29a-91f5-4928-a1f0-bedeaa3fc9aa
pkg-15.24-28pin-d0.8-pad-9,e4da5956-2098-4669-912f-af48558bb021
pkg-15.24-28pin-d0.8-pin1-dot-silkscreen-compact,141a7640-5ca4-4c70-a560-20bf2054818d
pkg-15.24-28pin-d0.8-pin1-dot-silkscreen-handsoldering,e6619f9a-6002-463b-a9b9-b8dc75f6e18a
pkg-15.24-28pin-d0.8-pkg,e316abe4-5fdd-4081-a037-8e0e8e68daac
pkg-15.24-28pin-d0.8-polygon-outline,df9810c4-2be5-46dc-8a9c-696fac2c6b76
pkg-15.24-28pin-d0.8-polygon-outline-compact,a3611168-148a-46f8-b60e-c406bfc48a16
pkg-15.24-28pin-d0.8-polygon-outline-handsoldering,edbbe815-a89a-4fbe-bf37-98fd771e45e5
pkg-15.24-28pin-d0.8-polygon-silkscreen-compact,708f2ebd-d5ff-4726-9626-45af55abcedc
pkg-15.24-28pin-d0.8-polygon-silkscreen-handsoldering,4ae32fea-d6f8-4bee-b2db-6b47e6912ac8
pkg-15.24-28pin-d0.8-text-name,8c4184af-57a9-45cc-980f-79a7d3d2eae8
pkg-15.24-28pin-d0.8-text-name-compact,5c2c0bc6-7151-4607-bfaa-fb521191de30
pkg-15.24-28pin-d0.8-text-name-handsoldering,e5ec0ea5-97ac-47f0-967b-a92f7bd78f97
pkg-15.24-28pin-d0.8-text-value,232d7799-f872-422b-8616-4508d8b408cf
pkg-15.24-28pin-d0.8-text-value-compact,f4194442-b42b-49f2-afe8-f4057960d4b4
pkg-15.24-28pin-d0.8-text-value-handsoldering,63d6bc93-7118-4c47-bfc1-8b5d3a10ce80
pkg-15.24-32pin-d0.8-footprint-compact,bd6cb42b-e36b-4e82-84a7-3362214732a0
pkg-15.24-32pin-d0.8-footprint-handsoldering,395c4ff6-c70c-40f7-815f-0dd5d81150ab
pkg-15.24-32pin-d0.8-pad-1,afeec5cb-1990-4622-81c0-dedb3f719bdd
pkg-15.24-32pin-d0.8-pad-10,ecb64d77-49fc-483d-9693-6dbf1f0917ec
pkg-15.24-32pin-d0.8-pad-11,1a741a2c-6bae-40ba-9a65-cc06eafd1063
pkg-15.24-32pin-d0.8-pad-12,486cf157-2b80-42fe-ba03-1fa4db679482
pkg-15.24-32pin-d0.8-pad-13,4192c72f-8707-41c0-8d0f-bc67452deb34
pkg-15.24-32pin-d0.8-pad-14,50941e71-7b01-482b-84f3-11152375a6f3
pkg-15.24-32pin-d0.8-pad-15,42b9a972-026b-4a05-94e3-c7ada4c44b65
pkg-15.24-32pin-d0.8-pad-16,dbba9365-c175-420a-bad0-bc2d62cbb872
pkg-15.24-32pin-d0.8-pad-17,6726fa60-9550-4eea-b3f3-572a4b92cfd8
pkg-15.24-32pin-d0.8-pad-18,39aa68f9-8142-486a-9edf-40be5dff0ba0
pkg-15.24-32pin-d0.8-pad-19,b30535ac-f315-47cc-92d9-fe65539c300f
pkg-15.24-32pin-d0.8-pad-2,6f642b08-e654-4ab2-8606-f97dbf0cf51d
pkg-15.24-32pin-d0.8-pad-20,925fc5b2-56c5-4f00-a297-46d0fc1ec67b
pkg-15.24-32pin-d0.8-pad-21,0ea98ccd-6e2a-426a-913f-230a2c73e046
pkg-15.24-32pin-d0.8-pad-22,fb681568-6d14-4402-8285-80a9e8045a00
pkg-15.24-32pin-d0.8-pad-23,82a9b127-b9a1-4c95-8b67-3ccbf9c53299
pkg-15.24-32pin-d0.8-pad-24,39b01501-dfae-43e7-bd7c-754087068880
pkg-15.24-32pin-d0.8-pad-25,b785ff02-9a16-4c6e-a951-dc42a190d5ab
pkg-15.24-32pin-d0.8-pad-26,5fce0c71-ca80-42b3-a567-f952893509b6
pkg-15.24-32pin-d0.8-pad-27,1d7c6859-9ac3-40e4-9b58-67f29d14ebde
pkg-15.24-32pin-d0.8-pad-28,8250e6d8-1d12-4e43-b0d2-c0dc0a3e91cf
pkg-15.24-32pin-d0.8-pad-29,ab721b15-71e2-4fe7-a3d8-d213587ebbd6
pkg-15.24-32pin-d0.8-pad-3,e1e1f733-ca7e-4ff9-9dc5-099dca81d567
pkg-15.24-32pin-d0.8-pad-30,978cb677-cf5e-489d-9860-9895ae336643
pkg-15.24-32pin-d0.8-pad-31,b678ea69-e7ee-40e5-b90e-04aa1cf7e249
pkg-15.24-32pin-d0.8-pad-32,c926ddcf-4105-4046-a157-de1d3914bb2b
pkg-15.24-32pin-d0.8-pad-4,c8080260-16f9-4380-97c0-2820c934da4a
pkg-15.24-32pin-d0.8-pad-5,36413de2-7ad3-4b98-9ae9-59a7bd7db8f9
pkg-15.24-32pin-d0.8-pad-6,40526d48-1e8c-4e69-ae22-2a50ec94b813
pkg-15.24-32pin-d0.8-pad-7,ab09f7df-ad69-4b54-b5f9-2dbc33a816c5
pkg-15.24-32pin-d0.8-pad-8,922b2118-610d-4044-8c31-ea074a04c207
pkg-15.24-32pin-d0.8-pad-9,14df285b-5ad1-47e4-9903-098afb8e804a
pkg-15.24-32pin-d0.8-pin1-dot-silkscreen-compact,7c43c2e8-a8d7-4864-8569-5b31c3f32dba
pkg-15.24-32pin-d0.8-pin1-dot-silkscreen-handsoldering,afbca41a-9141-4283-a94d-d8debc420fa8
pkg-15.24-32pin-d0.8-pkg,d879b25c-dcdc-490a-834a-4a73aa2c828c
pkg-15.24-32pin-d0.8-polygon-outline,9142ef23-1c16-4adb-abca-f4564b13220c
pkg-15.24-32pin-d0.8-polygon-outline-compact,8fa14d96-8630-46f7-a38f-cbc8a845228a
pkg-15.24-32pin-d0.8-polygon-outline-handsoldering,68ee532d-ab1c-419e-b244-2b00fdfdcf50
pkg-15.24-32pin-d0.8-polygon-silkscreen-compact,e943f5b9-8076-4630-a989-4fc195d60c80
pkg-15.24-32pin-d0.8-polygon-silkscreen-handsoldering,e778e579-0b5e-43aa-ad78-98aa22bef262
pkg-15.24-32pin-d0.8-text-name,f00fd46e-71b3-4943-b2f5-ac815b0c1001
pkg-15.24-32pin-d0.8-text-name-compact,8880430d-b200-4084-ac49-08a1893cede3
pkg-15.24-32pin-d0.8-text-name-handsoldering,1bb7ef66-21b9-43be-8098-dfed325e01bd
pkg-15.24-32pin-d0.8-text-value,d2cd0d9d-e3bc-4099-8ee4-df7d16c1219f
pkg-15.24-32pin-d0.8-text-value-compact,4db630f9-0098-48fc-ac25-5a6ad5aa7036
pkg-15.24-32pin-d0.8-text-value-handsoldering,bd3a62c4-5137-4f12-8860-b3f38367a24f
pkg-15.24-36pin-d0.8-footprint-compact,939cb69f-39c7-4e77-a54f-a7f30f627090
pkg-15.24-36pin-d0.8-footprint-handsoldering,c91715d0-1af5-4007-baf3-bd06cdfc846a
pkg-15.24-36pin-d0.8-pad-1,7025a6c9-a2f0-494f-8a7d-9afe83bd8d9c
pkg-15.24-36pin-d0.8-pad-10,8295379f-9091-4cfe-9661-de8d7be44f85
pkg-15.24-36pin-d0.8-pad-11,8a22e117-db5f-4d1d-9b94-742ad3099e60
pkg-15.24-36pin-d0.8-pad-12,04df5ee5-669a-4499-aa5d-3217cb455600
pkg-15.24-36pin-d0.8-pad-13,8531997b-7185-4b4c-baa2-7b39ebd12b25
pkg-15.24-36pin-d0.8-pad-14,08204992-f818-4cdf-be31-717c537ba031
pkg-15.24-36pin-d0.8-pad-15,25bc469e-ee3c-4597-95ed-79db1fcf35a0
pkg-15.24-36pin-d0.8-pad-16,2220abbf-03de-4225-b80e-e149af9fce9e
pkg-15.24-36pin-d0.8-pad-17,328896cd-ba36-4504-b3cb-0d46c02c3264
pkg-15.24-36pin-d0.8-pad-18,df5e7205-628a-4682-ae27-41bf35419fb8
pkg-15.24-36pin-d0.8-pad-19,9f5e369e-6384-4a1c-b94c-75c202f7f9b2
pkg-15.24-36pin-d0.8-pad-2,b23ed75a-0f6e-4304-bca5-c337976ffe81
pkg-15.24-36pin-d0.8-pad-20,3586d3ee-0491-43ce-b283-175ea68c8dc1
pkg-15.24-36pin-d0.8-pad-21,c5c58216-5190-4a74-8ce7-2d3a1d804d3f
pkg-15.24-36pin-d0.8-pad-22,53ffcf03-9986-4c49-bb10-dba937a51cd2
pkg-15.24-36pin-d0.8-pad-23,4f9ee8a2-9aee-4283-acbe-fbd1e35db533
pkg-15.24-36pin-d0.8-pad-24,0d171c35-3436-4aac-a9b9-8ae7ba17baa5
pkg-15.24-36pin-d0.8-pad-25,db167ac6-9075-4c4c-b9f2-6112bf4a2bea
pkg-15.24-36pin-d0.8-pad-26,00c074ea-7362-40e1-877a-832a926b0cd4
pkg-15.24-36pin-d0.8-pad-27,bda376f7-6fd7-4aa4-b6a2-00718b7ae0ec
pkg-15.24-36pin-d0.8-pad-28,ca61f6e3-4623-4d11-8899-25bb4d74738f
pkg-15.24-36pin-d0.8-pad-29,eb4dc8bc-d23a-40f9-9bbc-34befb451668
pkg-15.24-36pin-d0.8-pad-3,4e1d82c6-8637-4ddf-942a-4ee44a118df3
pkg-15.24-36pin-d0.8-pad-30,bfc8db6f-5a93-45dd-9cbf-c694da00dc2f
pkg-15.24-36pin-d0.8-pad-31,932dc738-fd92-454e-b149-cd965b5dda2f
pkg-15.24-36pin-d0.8-pad-32,f18b7dec-8caf-4ce5-bded-16bd1d29711a
pkg-15.24-36pin-d0.8-pad-33,c7c30d86-e1f6-462b-90a6-7ba99377bdea
pkg-15.24-36pin-d0.8-pad-34,3d75ed80-d0ba-473c-9e49-fff461d5a1c1
pkg-15.24-36pin-d0.8-pad-35,af1dbbb7-70e3-415f-b47a-badf8c7b2ef1
pkg-15.24-36pin-d0.8-pad-36,b0cfbfe3-47f8-4b00-9a51-891f7a7a5159
pkg-15.24-36pin-d0.8-pad-4,33c7032b-aec7-45f1-953e-a4d19a43edf5
pkg-15.24-36pin-d0.8-pad-5,537945c2-cf9b-4f91-851f-cb5b9245d696
pkg-15.24-36pin-d0.8-pad-6,fe381c19-5f3f-499e-8a70-6306694356dd
pkg-15.24-36pin-d0.8-pad-7,cae68741-4770-4212-aa62-7076ec5cbcfc
pkg-15.24-36pin-d0.8-pad-8,cdf5cb9f-0104-4a2f-baa5-235591b6e4c9
pkg-15.24-36pin-d0.8-pad-9,3be05cc0-faa6-498e-9aef-2795405e3673
pkg-15.24-36pin-d0.8-pin1-dot-silkscreen-compact,728bf8bc-9130-4326-8776-3bd182b86abb
pkg-15.24-36pin-d0.8-pin1-dot-silkscreen-handsoldering,d290b803-66d7-40b0-a739-36c27629cec8
pkg-15.24-36pin-d0.8-pkg,2511a7ed-5597-4e8c-9981-e6e2ebcf76d5
pkg-15.24-36pin-d0.8-polygon-outline,8e746419-9231-4273-accf-dfd04da5a1f8
pkg-15.24-36pin-d0.8-polygon-outline-compact,0bdd178a-8b16-4d8c-91b3-bb3259fdaf77
pkg-15.24-36pin-d0.8-polygon-outline-handsoldering,5eb1ac5f-6e09-4b40-becd-a5f340b1151b
pkg-15.24-36pin-d0.8-polygon-silkscreen-compact,5ed55f18-3515-4123-b26f-26c564d5c649
pkg-15.24-36pin-d0.8-polygon-silkscreen-handsoldering,c5afaca5-dcf3-4911-ad53-d1a31fcfc011
pkg-15.24-36pin-d0.8-text-name,863608dc-13bc-44b5-9e4d-604944233c79
pkg-15.24-36pin-d0.8-text-name-compact,4ba773e7-3bd5-4e2c-832b-57783389bd1c
pkg-15.24-36pin-d0.8-text-name-handsoldering,b420b240-b1f5-4600-8d70-3a4f942eab33
pkg-15.24-36pin-d0.8-text-value,dc7f2bcc-4750-4ffd-9ff2-e01f4ee4556b
pkg-15.24-36pin-d0.8-text-value-compact,a528790f-73df-4c68-a916-0d82a64e8da1
pkg-15.24-36pin-d0.8-text-value-handsoldering,2abe6092-2bf0-40b3-86fb-6f7822d419da
pkg-15.24-40pin-d0.8-footprint-compact,52244e12-2a86-456e-b0dd-1ed4c13df658
pkg-15.24-40pin-d0.8-footprint-handsoldering,c34d48eb-d7a2-4039-bd03-8583b8a3961d
pkg-15.24-40pin-d0.8-pad-1,d4eb0299-0080-45ad-afb0-5f34828701dc
pkg-15.24-40pin-d0.8-pad-10,167b6bb0-d009-491f-a63d-bf09cc465764
pkg-15.24-40pin-d0.8-pad-11,923c3dae-a471-48cb-bb16-508f76c6ca06
pkg-15.24-40pin-d0.8-pad-12,519969fc-1f41-47c2-8bae-37dbcef6faad
pkg-15.24-40pin-d0.8-pad-13,6eb01b01-7ee7-4288-9c1e-6369a03f46ae
pkg-15.24-40pin-d0.8-pad-14,6366c5a1-ac5b-4d4e-bcc4-1f551d81f1d4
pkg-15.24-40pin-d0.8-pad-15,5799cf92-1021-44bb-83bc-4641dae4929b
pkg-15.24-40pin-d0.8-pad-16,00edda38-374f-46d4-a576-dae2da1d4ffb
pkg-15.24-40pin-d0.8-pad-17,53362e8d-162e-4852-9416-6dd76347a71e
pkg-15.24-40pin-d0.8-pad-18,e7e9a1c9-c7ab-43d0-b53f-467ddb57db11
pkg-15.24-40pin-d0.8-pad-19,d2d19688-9858-4a9f-bf1d-c14593b257d1
pkg-15.24-40pin-d0.8-pad-2,c71a1b76-ec23-49e3-8e69-de3a8c6af34b
pkg-15.24-40pin-d0.8-pad-20,98c917fa-054f-4f52-9c59-1ed49912c0ef
pkg-15.24-40pin-d0.8-pad-21,0f27c43d-65b9-46a8-b266-42c78ea7b575
pkg-15.24-40pin-d0.8-pad-22,71d2f8c9-765f-4469-a14d-dbc88396ab09
pkg-15.24-40pin-d0.8-pad-23,cc4d11f6-2136-4e89-aca8-15007cac377c
pkg-15.24-40pin-d0.8-pad-24,d9cd0a00-5969-4b8f-9242-3647c2cd2e1d
pkg-15.24-40pin-d0.8-pad-25,25123d7b-cb1e-4874-a03c-59ede3c2a6b6
pkg-15.24-40pin-d0.8-pad-26,c32e44f2-d9b3-4671-be21-813c92a1adef
pkg-15.24-40pin-d0.8-pad-27,0d26faa6-c8a9-4e50-ab0b-ecfb7fc42160
pkg-15.24-40pin-d0.8-pad-28,5d23778f-9a52-4cb2-91b7-e30b4543a091
pkg-15.24-40pin-d0.8-pad-29,f8e450e7-b8dd-48e1-b6e4-8e28fa797678
pkg-15.24-40pin-d0.8-pad-3,a03e5ec8-db7a-4237-9452-bf97266227fa
pkg-15.24-40pin-d0.8-pad-30,559f7b37-ed88-4686-9eb7-28b85918535e
pkg-15.24-40pin-d0.8-pad-31,eb69af80-59ad-4266-8a59-f05f197e4f83
pkg-15.24-40pin-d0.8-pad-32,e4b10a74-e763-468f-a0df-700087a44a8e
pkg-15.24-40pin-d0.8-pad-33,c17771d5-8b6a-4162-81b8-0680d94c334c
pkg-15.24-40pin-d0.8-pad-34,4d8541f4-6150-4989-aa41-9555b9cbce81
pkg-15.24-40pin-d0.8-pad-35,eb4ceffa-382e-4918-a015-5364304b1f2a
pkg-15.24-40pin-d0.8-pad-36,700c7cf0-4351-46b6-bf46-b8dd9808090e
pkg-15.24-40pin-d0.8-pad-37,fbf33825-3cca-4182-9a9f-d92e9fa15bd4
pkg-15.24-40pin-d0.8-pad-38,e19973b0-9bb1-4b11-b29b-96ec524dbe10
pkg-15.24-40pin-d0.8-pad-39,572daf94-9ffa-4f5d-a553-09635b694aae
pkg-15.24-40pin-d0.8-pad-4,be40ee53-7760-4228-af08-c5fc9236f9af
pkg-15.24-40pin-d0.8-pad-40,66d7107e-3994-43f2-b832-0bfff8685ae1
pkg-15.24-40pin-d0.8-pad-5,c4e64b19-1ef3-4c03-901a-fb0cab4fb133
pkg-15.24-40pin-d0.8-pad-6,56cf32b9-ce6e-46f3-b77f-bbe59aeb4b97
pkg-15.24-40pin-d0.8-pad-7,68bf82cc-e249-49a3-91df-ae66ca4573d6
pkg-15.24-40pin-d0.8-pad-8,878023d1-90cd-4ed4-9e47-51f403af2e51
pkg-15.24-40pin-d0.8-pad-9,0a41ee45-6168-4a99-acb1-5faa47b929b3
pkg-15.24-40pin-d0.8-pin1-dot-silkscreen-compact,b83b1807-5dd9-488e-8d89-f85b0449a7a3
pkg-15.24-40pin-d0.8-pin1-dot-silkscreen-handsoldering,17dbb26f-0bc8-4e07-a418-0a862540cc0c
pkg-15.24-40pin-d0.8-pkg,b988e922-f199-445b-ad28-2c57022b1b5d
pkg-15.24-40pin-d0.8-polygon-outline,17b6b584-d4b0-406b-b064-c56a5589c917
pkg-15.24-40pin-d0.8-polygon-outline-compact,414150db-56f7-457b-9c3c-79fb54fe87fe
pkg-15.24-40pin-d0.8-polygon-outline-handsoldering,a0db1eef-8ab7-430f-a5f8-14d3e9d4a007
pkg-15.24-40pin-d0.8-polygon-silkscreen-compact,cc6f9e16-11e4-4e0f-b653-75212d0183dd
pkg-15.24-40pin-d0.8-polygon-silkscreen-handsoldering,be9353e4-bbfb-470f-9e7f-9b1571d38ef3
pkg-15.24-40pin-d0.8-text-name,5f2db17d-eaa8-4de7-a705-7e649960c2ec
pkg-15.24-40pin-d0.8-text-name-compact,4e0a675b-bfe5-4d39-87fe-0c73cf337e24
pkg-15.24-40pin-d0.8-text-name-handsoldering,9e895a50-073c-4a7e-b512-d23de07d2892
pkg-15.24-40pin-d0.8-text-value,b1a2a88d-487d-47c5-926f-4a585fa52054
pkg-15.24-40pin-d0.8-text-value-compact,6743f9d6-be1f-42f8-9615-a1a84d193762
pkg-15.24-40pin-d0.8-text-value-handsoldering,3c477871-6f78-4c62-bc19-e72354a27985
pkg-15.24-48pin-d0.8-footprint-compact,81bfc860-4403-4219-9174-4e08fa85246b
pkg-15.24-48pin-d0.8-footprint-handsoldering,728224a5-507d-4afe-8caa-d61a16ca184a
pkg-15.24-48pin-d0.8-pad-1,fc9f0f76-6d92-495d-b297-29d1712e9622
pkg-15.24-48pin-d0.8-pad-10,679a81c2-31ba-4fee-bce8-9be50524cfd7
pkg-15.24-48pin-d0.8-pad-11,39756b84-32c6-47c6-9296-9b99edd50864
pkg-15.24-48pin-d0.8-pad-12,7e9ee862-12aa-4e28-9d08-a911b29c3a8f
pkg-15.24-48pin-d0.8-pad-13,9867868b-fe54-41cf-bd8f-e914a44d965d
pkg-15.24-48pin-d0.8-pad-14,5df7cf5c-c055-462e-a1c3-ea49d87ee31a
pkg-15.24-48pin-d0.8-pad-15,f337d5d2-f166-43b9-846b-d1c56f21c3e1
pkg-15.24-48pin-d0.8-pad-16,bef7fd11-17bb-436f-b982-516c5f1428fc
pkg-15.24-48pin-d0.8-pad-17,0eaf75e3-345d-4f5c-a811-897b8eb247ba
pkg-15.24-48pin-d0.8-pad-18,a2f79657-9efa-432b-9178-8bd08e48b611
pkg-15.24-48pin-d0.8-pad-19,da913b69-aba5-4813-8794-4b546d1ee9bc
pkg-15.24-48pin-d0.8-pad-2,2e413c02-a583-4ae1-84a2-36316f871ffd
pkg-15.24-48pin-d0.8-pad-20,6cb6d696-a1bd-415f-a0bb-e905d0548bc5
pkg-15.24-48pin-d0.8-pad-21,0388f96a-a1ac-40cd-ab1f-d8eba9cde80b
pkg-15.24-48pin-d0.8-pad-22,3e33150f-de9e-47e9-be74-297547699b2e
pkg-15.24-48pin-d0.8-pad-23,08b8abd1-f2cc-48d6-81e8-d0dffe7a1e1a
pkg-15.24-48pin-d0.8-pad-24,7cf7a8f2-6529-4d79-a663-bb36cb9edcdf
pkg-15.24-48pin-d0.8-pad-25,47c16c1b-3bcf-405c-97bc-087111c12163
pkg-15.24-48pin-d0.8-pad-26,fed922b9-36d4-4f7e-8466-721f5c5dde07
pkg-15.24-48pin-d0.8-pad-27,485ff283-e22c-4d22-82d0-5769fdfe9389
pkg-15.24-48pin-d0.8-pad-28,767ceba6-07d1-462c-a71c-a38acb78c67f
pkg-15.24-48pin-d0.8-pad-29,55fdd871-2210-4cf5-a54a-cf9a8c2a0800
pkg-15.24-48pin-d0.8-pad-3,29689fbb-ddd2-402b-946b-9d2c615781ed
pkg-15.24-48pin-d0.8-pad-30,e96df223-50c3-4894-be75-3c0fd40d0e02
pkg-15.24-48pin-d0.8-pad-31,08c5c811-d25a-4556-962f-60e44484d3bc
pkg-15.24-48pin-d0.8-pad-32,0ac16ee8-48fa-4491-8ff8-562671308b43
pkg-15.24-48pin-d0.8-pad-33,15509bb4-2d6a-4e8a-bf9e-43e5b1070912
pkg-15.24-48pin-d0.8-pad-34,b1d334ff-a7e1-40d3-8270-1af5670cbde7
pkg-15.24-48pin-d0.8-pad-35,56ba5cfc-efe4-49c9-997c-47cfd582297d
pkg-15.24-48pin-d0.8-pad-36,21378ed5-59b9-43ef-886b-83d093021112
pkg-15.24-48pin-d0.8-pad-37,d6c9012e-3bd1-4b1c-afe9-6c3a441b0b0a
pkg-15.24-48pin-d0.8-pad-38,4773e968-f6b1-439b-9ebc-3117829116c2
pkg-15.24-48pin-d0.8-pad-39,4b6fe0df-1c5f-46c0-a04f-6065f1b209bd
pkg-15.24-48pin-d0.8-pad-4,be20d4df-d050-4e7e-85e9-76d0a1dc04e6
pkg-15.24-48pin-d0.8-pad-40,4eec3ef4-2ff6-461d-b1ec-c15af866559f
pkg-15.24-48pin-d0.8-pad-41,0c2c3792-b492-4786-8ffc-cdefb1acac76
pkg-15.24-48pin-d0.8-pad-42,03e5b8a0-f679-427b-8f70-7a942beef719
pkg-15.24-48pin-d0.8-pad-43,d14fb75a-c737-48bb-812c-39b9e6bed202
pkg-15.24-48pin-d0.8-pad-44,bbadc0da-1eca-4bd7-a746-cec3fc916618
pkg-15.24-48pin-d0.8-pad-45,859d2572-adc6-4fbc-a9be-5280a5c5fa09
pkg-15.24-48pin-d0.8-pad-46,f2018b6f-b2e1-4237-a1f0-5a3966fb3ad9
pkg-15.24-48pin-d0.8-pad-47,486cd3fd-75ac-41f9-96eb-2228de25023c
pkg-15.24-48pin-d0.8-pad-48,b85e5fd2-ab85-4601-9b9e-9bd2d3de55d7
pkg-15.24-48pin-d0.8-pad-5,9d8478ec-4849-473a-9949-15c9850f9af5
pkg-15.24-48pin-d0.8-pad-6,089ed685-8200-4e7d-bce3-8db530e64903
pkg-15.24-48pin-d0.8-pad-7,f3e6395e-39f8-4969-8525-71a306f28dc1
pkg-15.24-48pin-d0.8-pad-8,339c3293-51a9-45f2-8ec4-a11d9152552a
pkg-15.24-48pin-d0.8-pad-9,aa35025d-bfb2-47de-b8a4-b951854d06ea
pkg-15.24-48pin-d0.8-pin1-dot-silkscreen-compact,f762c634-270b-4dfa-affc-8990b229b63e
pkg-15.24-48pin-d0.8-pin1-dot-silkscreen-handsoldering,701aca24-98c2-4549-aefd-182435cf0146
pkg-15.24-48pin-d0.8-pkg,1ef97aa2-4611-4b82-8d1d-8e3881f48d0a
pkg-15.24-48pin-d0.8-polygon-outline,25129676-30e2-46c2-965d-c5179be60eb1
pkg-15.24-48pin-d0.8-polygon-outline-compact,d4af94be-bf69-417f-a829-905c6e0ad381
pkg-15.24-48pin-d0.8-polygon-outline-handsoldering,34f37b87-787c-4b67-a332-ac029bf1fe4b
pkg-15.24-48pin-d0.8-polygon-silkscreen-compact,53a7772d-fc90-4ab4-9661-6c8cad06d00b
pkg-15.24-48pin-d0.8-polygon-silkscreen-handsoldering,400d3f46-81b8-4fa8-a0a0-a9c53a0e0ddc
pkg-15.24-48pin-d0.8-text-name,114b7469-fca3-42c9-998d-24de9dc09316
pkg-15.24-48pin-d0.8-text-name-compact,c1dd572d-953c-47f9-be94-7d37b73de56f
pkg-15.24-48pin-d0.8-text-name-handsoldering,0c9217b7-11b9-4d07-9181-757c98a0a9f6
pkg-15.24-48pin-d0.8-text-value,8600a524-3d34-4bf2-863c-a67e9acdc5be
pkg-15.24-48pin-d0.8-text-value-compact,b1e733c2-3aad-4c7b-905a-e76263048301
pkg-15.24-48pin-d0.8-text-value-handsoldering,d5bfb2c3-0280-4e90-8064-dda80e4ff6bc
pkg-15.24-52pin-d0.8-footprint-compact,6d6c4e98-7296-4e65-8dd7-5baed3e430fb
pkg-15.24-52pin-d0.8-footprint-handsoldering,24ce31cf-ade6-4f7c-bc9a-2a70a9ca1a7b
pkg-15.24-52pin-d0.8-pad-1,0d37ba10-9fb1-4821-aaec-a4232e5ae1c3
pkg-15.24-52pin-d0.8-pad-10,38eb4614-9392-44e6-816a-e3c203493ce1
pkg-15.24-52pin-d0.8-pad-11,d1b0f018-511a-4a46-a809-29173ae9a848
pkg-15.24-52pin-d0.8-pad-12,707fb205-afc5-471f-a8ba-632cedf9064a
pkg-15.24-52pin-d0.8-pad-13,3e151208-785d-4134-a61e-ef2864b7401d
pkg-15.24-52pin-d0.8-pad-14,788f9bf6-d70e-4be4-907d-e35f2569adb7
pkg-15.24-52pin-d0.8-pad-15,e5e61e8e-8ab2-4ab7-be9a-365288224a6e
pkg-15.24-52pin-d0.8-pad-16,aaea8ba9-935f-4d20-96c6-3bae94821dbd
pkg-15.24-52pin-d0.8-pad-17,6ddd5ba2-d6ef-4580-9c63-ea26e3db4a27
pkg-15.24-52pin-d0.8-pad-18,11449f31-f47d-4d0d-ab53-f709f721892b
pkg-15.24-52pin-d0.8-pad-19,db246ae7-ad64-42d4-84b3-f9e642066316
pkg-15.24-52pin-d0.8-pad-2,893c2d79-4d07-44b5-a3e7-cee99affec9b
pkg-15.24-52pin-d0.8-pad-20,f7b6af78-4c62-406f-a1f6-cd821bee4154
pkg-15.24-52pin-d0.8-pad-21,a2412bb5-7d9c-49ca-9303-38c24d1650a9
pkg-15.24-52pin-d0.8-pad-22,e5adccec-3a49-4085-acc1-8f24425d29d0
pkg-15.24-52pin-d0.8-pad-23,95eda532-cac5-4dc9-a490-86bde858ea83
pkg-15.24-52pin-d0.8-pad-24,bcd5eeaf-f8c9-4fad-8a97-cf93ca9658f5
pkg-15.24-52pin-d0.8-pad-25,76a24cfa-0286-463b-a45f-ca3b41b250b7
pkg-15.24-52pin-d0.8-pad-26,cfab24ec-f4f3-441a-b251-20e62fa0c04b
pkg-15.24-52pin-d0.8-pad-27,efd56198-e756-45a8-afb9-bde0586493fe
pkg-15.24-52pin-d0.8-pad-28,97b94e3e-50ee-4ff6-8bb3-e05470baef89
pkg-15.24-52pin-d0.8-pad-29,f4d3c6b5-9e4e-454c-89b8-876add68fae0
pkg-15.24-52pin-d0.8-pad-3,d3aadc7f-a9cc-4fbb-8786-f4e1b3933e9c
pkg-15.24-52pin-d0.8-pad-30,9f719362-b7a5-486c-bb50-7df3da435c5c
pkg-15.24-52pin-d0.8-pad-31,79d41370-ca28-4d50-897b-dc7a0f607c2f
pkg-15.24-52pin-d0.8-pad-32,b231db6e-b57a-4fa4-869f-78c7aadb4917
pkg-15.24-52pin-d0.8-pad-33,57d58eae-bdb4-4fd6-97a9-f33b71a40ba6
pkg-15.24-52pin-d0.8-pad-34,8e34ef33-c1a0-496c-aae7-265e0d4f7697
pkg-15.24-52pin-d0.8-pad-35,62453b51-b9bf-4809-af38-96dc2c52e7fd
pkg-15.24-52pin-d0.8-pad-36,daba7dee-cf1b-41e4-8061-cef3bcdaf21d
pkg-15.24-52pin-d0.8-pad-37,fc113e7d-c5d2-4b64-b17d-27104dca1937
pkg-15.24-52pin-d0.8-pad-38,33bc64ef-328a-4070-b770-9accd3344b4f
pkg-15.24-52pin-d0.8-pad-39,d13869a1-a780-4f92-94bf-9a3b0f908685
pkg-15.24-52pin-d0.8-pad-4,7967439a-04be-4904-bd57-7bbe28c4d006
pkg-15.24-52pin-d0.8-pad-40,43ecf362-7d83-4720-aedf-21ab1bf4a477
pkg-15.24-52pin-d0.8-pad-41,0025e1c4-678b-4a98-af87-4ff7a52f7813
pkg-15.24-52pin-d0.8-pad-42,25c51ca7-a946-4c80-a48a-f0d1cb1e239d
pkg-15.24-52pin-d0.8-pad-43,04f6b5f1-09b1-4c14-a5e1-28bb858a5d92
pkg-15.24-52pin-d0.8-pad-44,875e5ffc-eb1a-43f6-b74a-14bd39c5beb5
pkg-15.24-52pin-d0.8-pad-45,104606dd-fda5-4518-8b2f-a68a6e842cf6
pkg-15.24-52pin-d0.8-pad-46,1f10ed2a-2bb2-4fd4-8f7b-d34c14a3aed3
pkg-15.24-52pin-d0.8-pad-47,2067a074-0144-4c49-846f-c6ea49ec3d0c
pkg-15.24-52pin-d0.8-pad-48,a5160259-a48c-429f-ab63-644eabaf3520
pkg-15.24-52pin-d0.8-pad-49,8a413964-83fe-40dd-bbb3-e07746f8564c
pkg-15.24-52pin-d0.8-pad-5,56d25c27-084d-4e30-af6e-b154320457da
pkg-15.24-52pin-d0.8-pad-50,7b3e837b-317f-4e69-acd9-f1dfe1f36b80
pkg-15.24-52pin-d0.8-pad-51,868d9801-9d72-49a8-a5fa-aaa6c46b1728
pkg-15.24-52pin-d0.8-pad-52,7304187b-31fc-4ad1-9876-ab8370f1641c
pkg-15.24-52pin-d0.8-pad-6,6b2f4ec7-8e12-435b-8651-d97b86192bb9
pkg-15.24-52pin-d0.8-pad-7,3607bb0e-acbe-4db1-949e-8fdc84a971e4
pkg-15.24-52pin-d0.8-pad-8,88517fb6-51fe-4321-b2bf-06eb103fd76d
pkg-15.24-52pin-d0.8-pad-9,497e70cb-cf32-49a4-af32-f6d5d6d2a3fc
pkg-15.24-52pin-d0.8-pin1-dot-silkscreen-compact,d628c17e-6db4-42bb-ab38-38c8ade3eaa8
pkg-15.24-52pin-d0.8-pin1-dot-silkscreen-handsoldering,f673fe4c-0d1d-41e0-93c6-2a3adf08ad27
pkg-15.24-52pin-d0.8-pkg,2afc404a-29db-4751-9ba7-dfff6996256a
pkg-15.24-52pin-d0.8-polygon-outline,67d493db-3f89-48d7-bc05-feaf6904a490
pkg-15.24-52pin-d0.8-polygon-outline-compact,e0dec282-0b26-4230-b0bb-1d881e43cd9d
pkg-15.24-52pin-d0.8-polygon-outline-handsoldering,710fca3f-e90d-486b-95e0-f9bccfe2e6f2
pkg-15.24-52pin-d0.8-polygon-silkscreen-compact,ed4f0971-6d69-4832-a474-b85e25f9ee72
pkg-15.24-52pin-d0.8-polygon-silkscreen-handsoldering,eccd8da1-3bdf-4c2d-b238-3c525f212518
pkg-15.24-52pin-d0.8-text-name,d03188d2-55d7-484c-8906-fc3f6e21cad9
pkg-15.24-52pin-d0.8-text-name-compact,1cabcc04-4a15-46c6-b2bf-d8ae24c8b096
pkg-15.24-52pin-d0.8-text-name-handsoldering,5a32d407-dc68-4e11-8bae-8c02f57661ac
pkg-15.24-52pin-d0.8-text-value,3b4b4fe7-5ebb-420b-b3e6-6c0993b74e08
pkg-15.24-52pin-d0.8-text-value-compact,bd2a0062-5f33-44e6-8157-62590dec5632
pkg-15.24-52pin-d0.8-text-value-handsoldering,29374326-3514-4b22-adcf-b8f1cedd1c64
pkg-15.24-64pin-d0.8-footprint-compact,c561960a-1c6b-4d06-baa2-0162bf91d883
pkg-15.24-64pin-d0.8-footprint-handsoldering,56245193-0809-48d1-9ce6-86783effac10
pkg-15.24-64pin-d0.8-pad-1,9d2a4fae-400d-4234-b7e2-5c0841c64455
pkg-15.24-64pin-d0.8-pad-10,f2219656-664e-4024-983b-990d0dbbdebf
pkg-15.24-64pin-d0.8-pad-11,29b5de09-637a-414f-b571-d1f6134fdef2
pkg-15.24-64pin-d0.8-pad-12,6f12d402-fb41-4939-85d8-13ac374424d4
pkg-15.24-64pin-d0.8-pad-13,d5da3487-434b-4257-bcef-8cba7ca4b6e6
pkg-15.24-64pin-d0.8-pad-14,bfec3c1b-0eaf-485a-bc43-366e6cdf90fb
pkg-15.24-64pin-d0.8-pad-15,deb4ad29-af7a-4682-bec4-c270f88b4d47
pkg-15.24-64pin-d0.8-pad-16,c83285ac-cfcf-4330-ae67-f60bf0a12cbe
pkg-15.24-64pin-d0.8-pad-17,3e35baf2-03b8-4cac-8de3-f2d753f62fec
pkg-15.24-64pin-d0.8-pad-18,e75cd473-e5d9-4706-b8fb-51319d198f1a
pkg-15.24-64pin-d0.8-pad-19,d71e7b62-cc64-4bf5-a7e4-05cb69b94890
pkg-15.24-64pin-d0.8-pad-2,21c374ef-b823-4ab3-8312-72f1b80b565d
pkg-15.24-64pin-d0.8-pad-20,08d875d3-6f35-40b1-ba73-d7d2c2e23a85
pkg-15.24-64pin-d0.8-pad-21,f934f7cb-dd99-43ea-8a06-285aad0c7dad
pkg-15.24-64pin-d0.8-pad-22,33e30e23-d64f-4126-8e8a-17ab9234d49f
pkg-15.24-64pin-d0.8-pad-23,8e5fb489-d949-42fb-8a40-57fee1141d34
pkg-15.24-64pin-d0.8-pad-24,ff16f026-1c1f-41fe-a66f-ffdc9cca60fe
pkg-15.24-64pin-d0.8-pad-25,65da1591-f5a8-4782-822d-964a8034e07d
pkg-15.24-64pin-d0.8-pad-26,d70104b2-e2a7-4389-893e-5d66276bc6ad
pkg-15.24-64pin-d0.8-pad-27,4b4e59f2-c45e-4258-938b-d76d71d02543
pkg-15.24-64pin-d0.8-pad-28,f6942b31-68fe-4ab8-9ee4-0646ba907b72
pkg-15.24-64pin-d0.8-pad-29,64d9c782-6ebb-411a-a38b-2e356289dc73
pkg-15.24-64pin-d0.8-pad-3,b204b565-4b2f-43dd-839a-967e35d57e5d
pkg-15.24-64pin-d0.8-pad-30,5c122506-d8b3-4233-9f12-5b7ba2888aa5
pkg-15.24-64pin-d0.8-pad-31,b65e0657-22a5-447a-ae87-9c34bfe4d337
pkg-15.24-64pin-d0.8-pad-32,1d6ea46f-09b9-4d7a-8b3f-842a9c769aba
pkg-15.24-64pin-d0.8-pad-33,e6b2d028-49c0-4ebd-b950-4854c2410892
pkg-15.24-64pin-d0.8-pad-34,dc802e92-c4db-429e-9625-c0d782710dc8
pkg-15.24-64pin-d0.8-pad-35,66426972-34b0-4bcd-ab70-e2d85d3bcaf4
pkg-15.24-64pin-d0.8-pad-36,c8e72634-667c-414e-bb28-63376708062b
pkg-15.24-64pin-d0.8-pad-37,d2cdfe46-decf-4140-9b1b-bff4cb092d7e
pkg-15.24-64pin-d0.8-pad-38,918fd547-4908-4bf7-b6c9-53a22b2231ca
pkg-15.24-64pin-d0.8-pad-39,7d13cfe5-af27-4429-b029-59867aa45260
pkg-15.24-64pin-d0.8-pad-4,d07a1ede-626c-469f-9926-c7eb2dc62a4c
pkg-15.24-64pin-d0.8-pad-40,41763462-1a60-4083-be90-381701be688b
pkg-15.24-64pin-d0.8-pad-41,8ba6574e-f416-4c36-82ba-c383400141ff
pkg-15.24-64pin-d0.8-pad-42,42a60895-1831-4e53-a105-d018151bf8ce
pkg-15.24-64pin-d0.8-pad-43,030b361d-4c4c-425c-affa-de0986de2c76
pkg-15.24-64pin-d0.8-pad-44,3e370483-d508-49b2-8944-3280ceecea5a
pkg-15.24-64pin-d0.8-pad-45,72f737b3-17d4-40e6-aa09-07ee5493a4e9
pkg-15.24-64pin-d0.8-pad-46,e33d28c2-7d70-4147-a301-0a32142b115f
pkg-15.24-64pin-d0.8-pad-47,ef74b2d1-a1f4-471a-a06d-8fb0424172b5
pkg-15.24-64pin-d0.8-pad-48,c5be8ccb-ea9e-4421-aa83-16154e55e876
pkg-15.24-64pin-d0.8-pad-49,693eed0d-181b-4189-993f-c23fe36ee109
pkg-15.24-64pin-d0.8-pad-5,30dd00bf-aff0-43a3-938b-1cc87730e7fa
pkg-15.24-64pin-d0.8-pad-50,56fc9d0e-034e-4685-ad39-fe1939c7fb90
pkg-15.24-64pin-d0.8-pad-51,d841d695-b07d-4614-9eca-b93fcc1285e5
pkg-15.24-64pin-d0.8-pad-52,d11294c9-6e5c-4d0b-bd3c-49f45f87d6ad
pkg-15.24-64pin-d0.8-pad-53,b381937d-1065-4ef6-8a2d-12fc88e29739
pkg-15.24-64pin-d0.8-pad-54,d6e4f2a2-6c4c-4d91-b77e-02d10b06e6a5
pkg-15.24-64pin-d0.8-pad-55,d616ee75-4851-4a5c-8832-6c6848e84096
pkg-15.24-64pin-d0.8-pad-56,1beed549-bcf0-46df-b043-0198300bfe5f
pkg-15.24-64pin-d0.8-pad-57,ef4be856-b2be-4a39-a5d4-9a54e1612e31
pkg-15.24-64pin-d0.8-pad-58,8798a041-da1e-4519-8501-5b05743db670
pkg-15.24-64pin-d0.8-pad-59,3d49849d-7cc3-4c13-b738-e94077cba9e1
pkg-15.24-64pin-d0.8-pad-6,3caf7c59-aa12-45fa-939f-16cd3152ae86
pkg-15.24-64pin-d0.8-pad-60,39ce0b51-3925-42d4-8b0f-a50b036699b8
pkg-15.24-64pin-d0.8-pad-61,666e6268-c5d7-435f-8878-90324f49a21b
pkg-15.24-64pin-d0.8-pad-62,6fef711c-411f-428b-ac88-b47f3eed74cc
pkg-15.24-64pin-d0.8-pad-63,d2f1fbbf-527c-4416-9207-829bbf51c59a
pkg-15.24-64pin-d0.8-pad-64,fb2b0af2-7d61-43de-818b-92b286ca39ad
pkg-15.24-64pin-d0.8-pad-7,e0fc8524-226d-4112-85ee-f82190ecf628
pkg-15.24-64pin-d0.8-pad-8,ea491eed-735c-44ba-a38f-0c05620b7d74
pkg-15.24-64pin-d0.8-pad-9,384816dc-e066-471c-9ed9-d85bea29bdb7
pkg-15.24-64pin-d0.8-pin1-dot-silkscreen-compact,b9e70d97-6780-4491-8769-24fb4560edbf
pkg-15.24-64pin-d0.8-pin1-dot-silkscreen-handsoldering,01d73994-b3dd-4d56-bc8e-83ffa56d10d1
pkg-15.24-64pin-d0.8-pkg,b482fa44-b768-4485-b3bb-03532e85ce5f
pkg-15.24-64pin-d0.8-polygon-outline,7ac0c3d3-9fea-4b61-8ba1-d547f7992ff2
pkg-15.24-64pin-d0.8-polygon-outline-compact,366d517d-ce4b-49e8-8bdd-5a299b5a11f9
pkg-15.24-64pin-d0.8-polygon-outline-handsoldering,d68abc73-ca6f-420b-a225-2850d4db234c
pkg-15.24-64pin-d0.8-polygon-silkscreen-compact,91b7292c-a4af-44cb-9691-651169efd0dc
pkg-15.24-64pin-d0.8-polygon-silkscreen-handsoldering,aed2680b-f243-4ae1-a187-0424bd9cb3fd
pkg-15.24-64pin-d0.8-text-name,563cbdfc-f7eb-4c12-9376-1b8220a3c53f
pkg-15.24-64pin-d0.8-text-name-compact,0985fa38-0172-47cc-b879-f762c3a79aa6
pkg-15.24-64pin-d0.8-text-name-handsoldering,15847d5f-e85c-425c-9f94-7b9dc893f7ed
pkg-15.24-64pin-d0.8-text-value,9c5d7ab9-820f-4f7d-87c3-a277e3236128
pkg-15.24-64pin-d0.8-text-value-compact,757d270c-b18d-4921-8428-b6c8c7fcef17
pkg-15.24-64pin-d0.8-text-value-handsoldering,fd8d45ec-0d33-407a-b1d0-c09a25f7682c
pkg-7.62-14pin-d0.8-footprint-compact,f2a40083-f968-4ca2-8f68-24b085c8a237
pkg-7.62-14pin-d0.8-footprint-handsoldering,89b35ff7-c879-4cae-8f3e-91b43d6016cc
pkg-7.62-14pin-d0.8-pad-1,8affcb8a-27ed-4fbf-b777-3a9a253a124e
pkg-7.62-14pin-d0.8-pad-10,2b65cfc5-78f6-412c-8f05-d392bb351217
pkg-7.62-14pin-d0.8-pad-11,3cdb8c7d-dcfc-4589-b62b-a9294a8443d2
pkg-7.62-14pin-d0.8-pad-12,7479a3ec-0dc8-44f4-a85d-40b693899b2e
pkg-7.62-14pin-d0.8-pad-13,3fe9eda3-fc27-4dd7-a220-b7c245c74166
pkg-7.62-14pin-d0.8-pad-14,89ffcef2-79db-4780-b952-cb8b7f6706e6
pkg-7.62-14pin-d0.8-pad-2,3890501e-e0dd-4413-a762-e69f44df62c9
pkg-7.62-14pin-d0.8-pad-3,b142ad92-94fc-4dbe-a2fd-c26dc2916229
pkg-7.62-14pin-d0.8-pad-4,b7446479-24d6-402c-ac77-8ea40df917c8
pkg-7.62-14pin-d0.8-pad-5,96c768e0-4f63-46a4-9477-6528b5b225b8
pkg-7.62-14pin-d0.8-pad-6,487c02aa-c9f7-49a7-896f-08ad767944ae
pkg-7.62-14pin-d0.8-pad-7,7b268023-a1e5-4244-855d-e7ca45cb6b7f
pkg-7.62-14pin-d0.8-pad-8,ecee5a85-d29f-4510-a3f0-7c1ae9af64c1
pkg-7.62-14pin-d0.8-pad-9,7b3cb451-c5e8-4e10-b947-8329f44033c6
pkg-7.62-14pin-d0.8-pin1-dot-silkscreen-compact,954212bb-6eba-442a-8f81-772febdea59d
pkg-7.62-14pin-d0.8-pin1-dot-silkscreen-handsoldering,c481ade6-5f8a-420f-a659-355754838b86
pkg-7.62-14pin-d0.8-pkg,1cc4d1c8-c1db-41f5-8e49-f972b26e8af1
pkg-7.62-14pin-d0.8-polygon-outline,cb162dcd-4281-4789-8b46-19b4bd11fab8
pkg-7.62-14pin-d0.8-polygon-outline-compact,be9b6162-4d1e-4b90-8660-bc60a33470ed
pkg-7.62-14pin-d0.8-polygon-outline-handsoldering,19d13ed6-1f54-47f4-a6f0-05f4f82e646c
pkg-7.62-14pin-d0.8-polygon-silkscreen-compact,ae0e030a-d704-449f-8d8b-fbbc1ab71a25
pkg-7.62-14pin-d0.8-polygon-silkscreen-handsoldering,5c2f417e-9dfb-4d3a-b2d6-d5a6864e6664
pkg-7.62-14pin-d0.8-text-name,1b7ded85-9423-4b0f-8e8e-4311e5f5cf05
pkg-7.62-14pin-d0.8-text-name-compact,883fbc82-030a-4d91-9bd9-19910eb36e2d
pkg-7.62-14pin-d0.8-text-name-handsoldering,80293fb8-de15-405c-9ac3-51599f65a543
pkg-7.62-14pin-d0.8-text-value,bfdc0b48-6854-4503-a533-983dadea4df6
pkg-7.62-14pin-d0.8-text-value-compact,a3c2c112-fbd5-48c6-9791-1bb4b3a96c4f
pkg-7.62-14pin-d0.8-text-value-handsoldering,c16f6215-0a29-4b82-a9f9-80ac11065472
pkg-7.62-16pin-d0.8-footprint-compact,a9b6af6a-757d-48f3-8864-6019b45c9f52
pkg-7.62-16pin-d0.8-footprint-handsoldering,294aaab2-57b3-4bd4-b219-f0a4d7b0de3b
pkg-7.62-16pin-d0.8-pad-1,46703c7e-483a-450c-ac18-2cf705baf12c
pkg-7.62-16pin-d0.8-pad-10,2a9553cf-fe97-47ef-bd92-0b1ab525f407
pkg-7.62-16pin-d0.8-pad-11,f44fb00b-f8bb-4cc0-8677-9deaf2cd5093
pkg-7.62-16pin-d0.8-pad-12,c602d7bd-0d33-4b0e-97aa-ebb6f692cc65
pkg-7.62-16pin-d0.8-pad-13,b6f8a077-e97c-4e3e-8478-4d99a555931b
pkg-7.62-16pin-d0.8-pad-14,739ac3cf-9e1f-4dab-bf69-788c3babae7f
pkg-7.62-16pin-d0.8-pad-15,bbf80ad6-30ee-49a6-a9d4-8ae3f9ba1f28
pkg-7.62-16pin-d0.8-pad-16,0accf05f-c83a-464e-8bb5-001103b8d16b
pkg-7.62-16pin-d0.8-pad-2,6374ca0b-bb39-4465-80ce-29c2c0b05518
pkg-7.62-16pin-d0.8-pad-3,4abcbf72-e716-4db9-8691-9de29907abd8
pkg-7.62-16pin-d0.8-pad-4,e01fde72-ed13-43cd-baa8-fe623311c200
pkg-7.62-16pin-d0.8-pad-5,bd617435-f26d-4e5a-a945-9e09c63eb34e
pkg-7.62-16pin-d0.8-pad-6,09ab9131-406d-4bd9-a0de-f1021b97fffc
pkg-7.62-16pin-d0.8-pad-7,473fc814-5445-4999-ac11-8cd1a7887d11
pkg-7.62-16pin-d0.8-pad-8,850513e8-b6e5-4263-9fe3-c44c7f06746a
pkg-7.62-16pin-d0.8-pad-9,ffe78205-b14d-49bc-9caf-afc0ce4fc120
pkg-7.62-16pin-d0.8-pin1-dot-silkscreen-compact,e7c16598-27bd-4bde-aa29-6de043d3fd12
pkg-7.62-16pin-d0.8-pin1-dot-silkscreen-handsoldering,ae2277cd-2fad-477a-9eb9-9f2984ebcd28
pkg-7.62-16pin-d0.8-pkg,a37f75b8-c5c0-4d8e-a5c4-b4fad1fa4cfc
pkg-7.62-16pin-d0.8-polygon-outline,16204f78-07ae-47d0-9a78-d47c7559e665
pkg-7.62-16pin-d0.8-polygon-outline-compact,bb34c11d-bd9a-4e6a-af8e-86a445eae173
pkg-7.62-16pin-d0.8-polygon-outline-handsoldering,a7c0d6d0-3c00-4def-b7af-e21dfa968f79
pkg-7.62-16pin-d0.8-polygon-silkscreen-compact,7d94f3d5-3b6b-4924-9ece-d43fe94dc72a
pkg-7.62-16pin-d0.8-polygon-silkscreen-handsoldering,c3384bf2-cb97-4f5d-b49c-3476de0db0fa
pkg-7.62-16pin-d0.8-text-name,a1fc9746-25df-423a-99b7-e4b16635d75e
pkg-7.62-16pin-d0.8-text-name-compact,7499df6b-f05c-44cc-be0f-6e260b91b974
pkg-7.62-16pin-d0.8-text-name-handsoldering,0e42910d-4367-4a44-946f-17da69dd46c0
pkg-7.62-16pin-d0.8-text-value,72f4f10a-87ac-4ef9-999b-6c1ad6bff2c5
pkg-7.62-16pin-d0.8-text-value-compact,34b1b2c7-036e-4e21-9130-2e7423e9a50a
pkg-7.62-16pin-d0.8-text-value-handsoldering,25e2970b-2ce5-43f1-93b5-7b978742a56d
pkg-7.62-18pin-d0.8-footprint-compact,3973b297-da2d-4458-9a4e-fc136c5cdc95
pkg-7.62-18pin-d0.8-footprint-handsoldering,9cd882f5-a4a4-42f5-a63f-854e2fc341e0
pkg-7.62-18pin-d0.8-pad-1,756a6bfc-f49b-4751-8b2a-e1f674f2dfd7
pkg-7.62-18pin-d0.8-pad-10,bd2d5fb0-c78d-46b3-8541-1dae2c500925
pkg-7.62-18pin-d0.8-pad-11,573bb721-ab02-4932-a943-aa4e072e968b
pkg-7.62-18pin-d0.8-pad-12,886cafe0-8fcd-4c8a-94a7-c63939a5179f
pkg-7.62-18pin-d0.8-pad-13,248a8122-d006-4749-9b4b-466b5e0c0616
pkg-7.62-18pin-d0.8-pad-14,f8458bd3-b8ed-4f37-b398-d0e4a700344d
pkg-7.62-18pin-d0.8-pad-15,374b7256-f61a-4a2c-8f86-67731a84421e
pkg-7.62-18pin-d0.8-pad-16,98975239-1b5b-40df-a013-80877fa27a48
pkg-7.62-18pin-d0.8-pad-17,2effdaff-698b-442f-baf5-1ee85e59f1a0
pkg-7.62-18pin-d0.8-pad-18,c7ae9d00-5113-4329-aaec-1521e6da3e12
pkg-7.62-18pin-d0.8-pad-2,9b242358-45f7-4e5c-9a01-678ad54178b3
pkg-7.62-18pin-d0.8-pad-3,f5796614-73cd-4911-ae3f-3f4a1c607667
pkg-7.62-18pin-d0.8-pad-4,c5f778b6-859d-4d36-88cb-ff09b90a6afa
pkg-7.62-18pin-d0.8-pad-5,e6f862d5-aa64-4ca7-8b23-1fbf3833bb1b
pkg-7.62-18pin-d0.8-pad-6,e13792c1-806a-4e76-a912-bd68899eb0ea
pkg-7.62-18pin-d0.8-pad-7,914e9678-50ca-461b-bdc0-d3e99563fe8f
pkg-7.62-18pin-d0.8-pad-8,607f1a86-4239-4f26-9aad-37f09d178d97
pkg-7.62-18pin-d0.8-pad-9,5b4215e9-599a-4442-913a-d218ae97f7b3
pkg-7.62-18pin-d0.8-pin1-dot-silkscreen-compact,30ca2de5-8b9e-4b27-9ea7-ad3d2ff1a53e
pkg-7.62-18pin-d0.8-pin1-dot-silkscreen-handsoldering,dd5d4762-a372-43d5-bd44-671b67617cda
pkg-7.62-18pin-d0.8-pkg,d18cdbf6-7f61-4691-b244-c21915b3fa6a
pkg-7.62-18pin-d0.8-polygon-outline,2feb1df9-8c15-49ad-a2fd-d2a7f1c1564a
pkg-7.62-18pin-d0.8-polygon-outline-compact,cb40e7c6-1ed3-498b-9447-01a5ef6880b5
pkg-7.62-18pin-d0.8-polygon-outline-handsoldering,8c62643d-9cf2-4968-9a38-37293687db65
pkg-7.62-18pin-d0.8-polygon-silkscreen-compact,cc6bbf75-b4ef-4306-bb9f-47c914520a0e
pkg-7.62-18pin-d0.8-polygon-silkscreen-handsoldering,81bcceff-f682-4723-965c-cf4dd36c013e
pkg-7.62-18pin-d0.8-text-name,3035fe89-4bae-4e77-948e-dd298969bf59
pkg-7.62-18pin-d0.8-text-name-compact,92f1da6e-3c1c-4cec-a064-09eedd404a8b
pkg-7.62-18pin-d0.8-text-name-handsoldering,69d4675f-a716-44b9-9dbf-ccdc041067a4
pkg-7.62-18pin-d0.8-text-value,4d0886ee-0ac2-4509-8d06-0edeee8c3bb5
pkg-7.62-18pin-d0.8-text-value-compact,5f57feb9-1fe0-4203-a318-420ed9781b81
pkg-7.62-18pin-d0.8-text-value-handsoldering,4d697b39-66f3-4284-9e62-ae44688da6a5
pkg-7.62-20pin-d0.8-footprint-compact,2da83a10-ae0f-4e3a-9b47-5096179c169c
pkg-7.62-20pin-d0.8-footprint-handsoldering,2cb00707-8c2e-466d-93bd-10790d7460d6
pkg-7.62-20pin-d0.8-pad-1,50373e7e-84f5-490b-8e94-cd29710537de
pkg-7.62-20pin-d0.8-pad-10,6b24bb26-f33f-4be2-a205-be83da5f08aa
pkg-7.62-20pin-d0.8-pad-11,d027faf9-3f82-4c5d-8201-9c16911f78ef
pkg-7.62-20pin-d0.8-pad-12,5db151a9-b630-4227-b917-55ce3533f923
pkg-7.62-20pin-d0.8-pad-13,375fbc78-ef30-455f-a8f3-fa125de52673
pkg-7.62-20pin-d0.8-pad-14,3b315c1b-e32e-4a82-8a0d-65d8809e0435
pkg-7.62-20pin-d0.8-pad-15,abfc37a5-01f1-4a7d-bf6f-7225ae357e0f
pkg-7.62-20pin-d0.8-pad-16,8eda343a-de65-42d0-bfbb-c5f3015bdf90
pkg-7.62-20pin-d0.8-pad-17,b54a3e3a-3492-402b-be16-194efa0848f2
pkg-7.62-20pin-d0.8-pad-18,37622a5d-148a-4cec-88fc-19621f883760
pkg-7.62-20pin-d0.8-pad-19,b9f5b105-3754-4164-b9de-efafedc7cdf4
pkg-7.62-20pin-d0.8-pad-2,48aea64c-3c4c-422c-99d0-74eee9861a0f
pkg-7.62-20pin-d0.8-pad-20,7c6e1670-4265-4346-a80c-9fa122b21dc1
pkg-7.62-20pin-d0.8-pad-3,5fe406bf-733d-49ba-95ea-08a784f3c864
pkg-7.62-20pin-d0.8-pad-4,61594344-e6ea-43fa-9cab-dfa0f7a15ece
pkg-7.62-20pin-d0.8-pad-5,3149d3e8-dc00-45cc-9db5-c3adfbe9f1f1
pkg-7.62-20pin-d0.8-pad-6,5b2204e2-7118-4a76-bf63-cf15488b3884
pkg-7.62-20pin-d0.8-pad-7,5aaf1b56-0322-493b-93c7-8fc148b74ed8
pkg-7.62-20pin-d0.8-pad-8,bcfa04a2-7b7b-4abf-919e-04db646ff81a
pkg-7.62-20pin-d0.8-pad-9,96c683df-b58e-44da-b8d5-fae93b439bb5
pkg-7.62-20pin-d0.8-pin1-dot-silkscreen-compact,9b78561b-95ff-4259-a985-c5c097cd4afd
pkg-7.62-20pin-d0.8-pin1-dot-silkscreen-handsoldering,646cdf77-db07-47ed-9d9d-caf9f09e4e87
pkg-7.62-20pin-d0.8-pkg,de5b921e-fa7b-4a44-8424-de9a631d7fa4
pkg-7.62-20pin-d0.8-polygon-outline,4c048e32-85e8-47f6-b21a-90a33949c0b6
pkg-7.62-20pin-d0.8-polygon-outline-compact,07796643-32a0-4803-bf34-3ddcf7027df9
pkg-7.62-20pin-d0.8-polygon-outline-handsoldering,5daf59ed-9250-4d96-83f2-e1aaa6a83fd2
pkg-7.62-20pin-d0.8-polygon-silkscreen-compact,6dc99134-db83-4a40-8302-22417b6e4f2d
pkg-7.62-20pin-d0.8-polygon-silkscreen-handsoldering,2a238041-4ccc-41f1-94fb-4703f3facfb8
pkg-7.62-20pin-d0.8-text-name,0192a879-b223-40fc-85bb-3f2165fb9673
pkg-7.62-20pin-d0.8-text-name-compact,92fced36-4505-4f4c-af79-25d379b5c1b1
pkg-7.62-20pin-d0.8-text-name-handsoldering,89a3f088-1ec3-481c-b356-210fc09e6eae
pkg-7.62-20pin-d0.8-text-value,9594db17-da41-4741-9f95-bc8072d9b668
pkg-7.62-20pin-d0.8-text-value-compact,6277780a-38d8-45ed-98cf-cb052ccaee94
pkg-7.62-20pin-d0.8-text-value-handsoldering,9792aaea-32e5-4cb7-a32b-25edb4337b99
pkg-7.62-24pin-d0.8-footprint-compact,966dfa99-cab8-483a-8987-cddc3fa265c5
pkg-7.62-24pin-d0.8-footprint-handsoldering,0bb66ecb-8f5e-406d-809e-8ca8bf267e87
pkg-7.62-24pin-d0.8-pad-1,b6f82cce-7037-4000-81b9-854d8bb4e830
pkg-7.62-24pin-d0.8-pad-10,e44a26af-5fff-432e-a787-e5678fe1c586
pkg-7.62-24pin-d0.8-pad-11,fda0a461-5deb-44f2-8199-2fd64b830cd2
pkg-7.62-24pin-d0.8-pad-12,4741bfe7-6902-48d8-9982-626ef15e4400
pkg-7.62-24pin-d0.8-pad-13,0586d8f1-4273-4c45-bf6f-fff59343d1ae
pkg-7.62-24pin-d0.8-pad-14,28b82e49-6c02-4f99-bcd9-70502026870b
pkg-7.62-24pin-d0.8-pad-15,f8093d8d-0032-419e-b4a0-0a1343de8f8d
pkg-7.62-24pin-d0.8-pad-16,e23fe430-384e-4185-98b2-6adebad2e4ed
pkg-7.62-24pin-d0.8-pad-17,89ba5c12-665e-44bf-ae48-87ba4f95c3dd
pkg-7.62-24pin-d0.8-pad-18,7978f648-0360-4e00-9ee9-1ae7fcd42345
pkg-7.62-24pin-d0.8-pad-19,c214d7b4-7d61-4de2-9430-d4f31617efaa
pkg-7.62-24pin-d0.8-pad-2,8683e0b0-3bca-49f9-a7d1-bac55861a55c
pkg-7.62-24pin-d0.8-pad-20,f96225e1-31b2-4305-bb2d-0b586cda80e5
pkg-7.62-24pin-d0.8-pad-21,3844bcd9-da8a-4976-b12f-0c80409bfdfa
pkg-7.62-24pin-d0.8-pad-22,6bb6345d-9f84-44a2-b5e5-549e8e7901a9
pkg-7.62-24pin-d0.8-pad-23,a4c0878e-1edd-44b4-8ddf-a771f2f37fa0
pkg-7.62-24pin-d0.8-pad-24,8fcea7eb-2064-4cbe-92bd-9ae94dc077f3
pkg-7.62-24pin-d0.8-pad-3,5c9aae77-8b02-44e4-8de8-11af3e6546fb
pkg-7.62-24pin-d0.8-pad-4,c393a225-33b7-462c-8b00-8323bf31b771
pkg-7.62-24pin-d0.8-pad-5,9b4c2eee-5b05-44ac-95b6-0c7c3c6dc144
pkg-7.62-24pin-d0.8-pad-6,9e735682-1625-4053-b9ba-558219aa21fa
pkg-7.62-24pin-d0.8-pad-7,8d7d61e2-0f00-4640-9a55-e6a66f384155
pkg-7.62-24pin-d0.8-pad-8,6767a661-e628-470b-a235-3553caa4b514
pkg-7.62-24pin-d0.8-pad-9,a3b91684-c38d-4a63-8955-ad45c4637ce4
pkg-7.62-24pin-d0.8-pin1-dot-silkscreen-compact,807bc092-2584-4d36-a71a-58891314a4e5
pkg-7.62-24pin-d0.8-pin1-dot-silkscreen-handsoldering,eef203ce-37ed-433d-921d-cd9ab81ea4c8
pkg-7.62-24pin-d0.8-pkg,fd311ad7-e43e-4354-ad2e-7680e9ac3d99
pkg-7.62-24pin-d0.8-polygon-outline,58c6a959-55e2-4b4a-b769-f99d223a0716
pkg-7.62-24pin-d0.8-polygon-outline-compact,fc5cafd3-d9d3-47e8-b02a-8f41e3f180b3
pkg-7.62-24pin-d0.8-polygon-outline-handsoldering,da2071b3-ab19-4587-bf52-a19fac4e8a2e
pkg-7.62-24pin-d0.8-polygon-silkscreen-compact,05116126-f3be-4a89-b9a9-4af1414b27c0
pkg-7.62-24pin-d0.8-polygon-silkscreen-handsoldering,8c416876-cc3c-4337-8b3e-5ba088e93991
pkg-7.62-24pin-d0.8-text-name,8132a55e-b5a0-45b1-b440-bc59a8f0a790
pkg-7.62-24pin-d0.8-text-name-compact,1821811c-4c37-4cba-818d-e38b6f3f427d
pkg-7.62-24pin-d0.8-text-name-handsoldering,ee0cdc0a-d72b-451e-9187-39386a42adb4
pkg-7.62-24pin-d0.8-text-value,6af9af21-74bf-43d4-a38a-b277af486e28
pkg-7.62-24pin-d0.8-text-value-compact,bd6ccf42-64da-496c-8313-387fca476f39
pkg-7.62-24pin-d0.8-text-value-handsoldering,19a95a91-50fd-4bf1-a9ca-d87ec8c30bb4
pkg-7.62-28pin-d0.8-footprint-compact,5238564a-c85d-4d45-8eb0-3357b64b4ba7
pkg-7.62-28pin-d0.8-footprint-handsoldering,bf32c0c1-2f2e-44d0-83b7-7b3e89b67e27
pkg-7.62-28pin-d0.8-pad-1,81afd80a-19cb-4388-b84b-33cc5e47c648
pkg-7.62-28pin-d0.8-pad-10,c16ff0c9-0f16-489d-9c7c-0ca735598a5d
pkg-7.62-28pin-d0.8-pad-11,cde02700-3e4e-4daf-9f78-51ed6d4a86af
pkg-7.62-28pin-d0.8-pad-12,d6081f10-a9ec-4c41-b0ea-6d4bd89a0ed0
pkg-7.62-28pin-d0.8-pad-13,9b9a0696-0bb0-4c15-bcdb-bccecafe9ff0
pkg-7.62-28pin-d0.8-pad-14,4da4d8e4-9454-46a4-bbf2-afa5db656007
pkg-7.62-28pin-d0.8-pad-15,5a34ece3-b0c9-4b26-a015-73ff2eea3a85
pkg-7.62-28pin-d0.8-pad-16,c5433122-5e35-4767-ac33-6bff51f4337e
pkg-7.62-28pin-d0.8-pad-17,9f42aafc-1f45-44ec-bc4c-b9c7dc83f1d2
pkg-7.62-28pin-d0.8-pad-18,af2f3a7b-1180-487a-9847-af30e976a1ad
pkg-7.62-28pin-d0.8-pad-19,9f70a972-74e3-4db4-b596-87a1e5d6ccbc
pkg-7.62-28pin-d0.8-pad-2,a5e7d458-c3ed-46de-bf3b-30ff289f29c7
pkg-7.62-28pin-d0.8-pad-20,a9fc2f18-99a2-4bad-bb2b-b07e7939f25d
pkg-7.62-28pin-d0.8-pad-21,fa6d0662-ef50-4020-8e7c-aa917fac6895
pkg-7.62-28pin-d0.8-pad-22,1623b06a-2403-41de-a616-809605b1d8f4
pkg-7.62-28pin-d0.8-pad-23,a45656bd-f216-466a-b31f-ca5e588efb1b
pkg-7.62-28pin-d0.8-pad-24,4ef2e73a-3ef3-44d0-b5a1-cc7e8f11a9e4
pkg-7.62-28pin-d0.8-pad-25,850528c3-45a7-4e04-8604-c4979e259d82
pkg-7.62-28pin-d0.8-pad-26,83ad26fb-9993-472e-9cfd-7505de04973b
pkg-7.62-28pin-d0.8-pad-27,c14468ab-ea28-409f-8414-234b924af45a
pkg-7.62-28pin-d0.8-pad-28,754719cb-2787-4318-a73e-c9ea02b14798
pkg-7.62-28pin-d0.8-pad-3,a14e6f70-7981-4a86-8359-cd1258891e34
pkg-7.62-28pin-d0.8-pad-4,01a14f83-69ba-4005-9167-82c87dc6242d
pkg-7.62-28pin-d0.8-pad-5,211ab5ae-fc07-4d3f-9543-dfefcdc5b069
pkg-7.62-28pin-d0.8-pad-6,f3be26cb-405f-4ef7-b132-7f9a61171751
pkg-7.62-28pin-d0.8-pad-7,26249761-a032-4cd7-af96-acfb2ba9487c
pkg-7.62-28pin-d0.8-pad-8,10524513-2149-40cf-87e8-e1aaf44a2b64
pkg-7.62-28pin-d0.8-pad-9,0dd33896-e716-4a5e-86e7-bc2c54e35ac2
pkg-7.62-28pin-d0.8-pin1-dot-silkscreen-compact,9d1e4cbb-cf78-404b-839f-c23f245b4b21
pkg-7.62-28pin-d0.8-pin1-dot-silkscreen-handsoldering,83be7741-a6ea-4b61-aafc-f8b054c72a72
pkg-7.62-28pin-d0.8-pkg,bfc50292-e828-4411-9802-139ba8ca7483
pkg-7.62-28pin-d0.8-polygon-outline,8d1b8cc9-962e-4f43-9b9e-6e4a53c818fe
pkg-7.62-28pin-d0.8-polygon-outline-compact,82f44530-9641-44c9-b8d0-4141c94c77df
pkg-7.62-28pin-d0.8-polygon-outline-handsoldering,f4ee4eb6-e279-451f-9b00-e8e4b85b84f3
pkg-7.62-28pin-d0.8-polygon-silkscreen-compact,ad54197c-ba86-4431-8409-9f335a3afa24
pkg-7.62-28pin-d0.8-polygon-silkscreen-handsoldering,1b61ad94-6593-4807-9abc-4a12298d0248
pkg-7.62-28pin-d0.8-text-name,758b1585-a1ca-4c96-96db-22bf21c91169
pkg-7.62-28pin-d0.8-text-name-compact,52e9c193-464e-446d-8ea1-9a401bde83fd
pkg-7.62-28pin-d0.8-text-name-handsoldering,7ddaae7a-ec58-4944-8b68-eb41dd9463af
pkg-7.62-28pin-d0.8-text-value,a1111f73-7e28-40ff-b2fc-fbbcebd0e710
pkg-7.62-28pin-d0.8-text-value-compact,b6715fea-3f49-46f4-9be1-aeb99e92148d
pkg-7.62-28pin-d0.8-text-value-handsoldering,4da16273-87a0-4316-82bc-185ec6cc7fe7
pkg-7.62-4pin-d0.8-footprint-compact,b7967d80-5fca-4303-bf2e-8732c2cc673c
pkg-7.62-4pin-d0.8-footprint-handsoldering,2ee0c9f3-67fd-492f-b1d9-6bc96ed79977
pkg-7.62-4pin-d0.8-pad-1,d46c3ac8-5f71-443b-aa43-0fadaac42b2d
pkg-7.62-4pin-d0.8-pad-2,c0b09720-661d-48d5-9412-03fffaae63ac
pkg-7.62-4pin-d0.8-pad-3,e85babe9-8bda-48f9-a42a-2169bce785c6
pkg-7.62-4pin-d0.8-pad-4,0e438961-b8f5-46d2-91d6-411ab50cde4d
pkg-7.62-4pin-d0.8-pin1-dot-silkscreen-compact,16a06a55-c109-4d8c-940e-5dddc76b13d8
pkg-7.62-4pin-d0.8-pin1-dot-silkscreen-handsoldering,f1aa04ed-53a9-4ad8-b987-366f859796ae
pkg-7.62-4pin-d0.8-pkg,be5766e0-4481-4778-82e4-dd11ef1d2a20
pkg-7.62-4pin-d0.8-polygon-outline,1a718c71-a847-4270-9182-5b776d77e662
pkg-7.62-4pin-d0.8-polygon-outline-compact,31ddf23e-8307-48b7-b0f0-8f82ce3c313d
pkg-7.62-4pin-d0.8-polygon-outline-handsoldering,013e94bf-b640-4e8b-bc82-7a850635ce70
pkg-7.62-4pin-d0.8-polygon-silkscreen-compact,b36d4335-b93c-410e-a9ff-938dfd8874ef
pkg-7.62-4pin-d0.8-polygon-silkscreen-handsoldering,a2d64001-4343-48f6-a774-ee22af08d457
pkg-7.62-4pin-d0.8-text-name,83742454-1ba6-4eac-a763-90f53629cae9
pkg-7.62-4pin-d0.8-text-name-compact,9e68b171-44cd-4d1b-8a4c-4c5223cddb7b
pkg-7.62-4pin-d0.8-text-name-handsoldering,d9ed3f07-d786-48d9-b066-12511d6b9b00
pkg-7.62-4pin-d0.8-text-value,0d243a00-ed70-4bf0-8546-3b0053fa5990
pkg-7.62-4pin-d0.8-text-value-compact,351468c6-61eb-4568-9126-8e27c6b3f30f
pkg-7.62-4pin-d0.8-text-value-handsoldering,0d46462e-2bb9-4bfa-b388-008a03f20ef2
pkg-7.62-6pin-d0.8-footprint-compact,19ea03ba-da03-49c7-a309-248297acedd4
pkg-7.62-6pin-d0.8-footprint-handsoldering,dc9664b1-b61f-4c35-b290-7708dff78ee0
pkg-7.62-6pin-d0.8-pad-1,8a9f9558-e233-4dcf-921b-dd86f73204f1
pkg-7.62-6pin-d0.8-pad-2,e17bf334-04ce-478c-b504-fbf6eb155efa
pkg-7.62-6pin-d0.8-pad-3,031b06ec-1e35-49cd-99cc-f1391b287191
pkg-7.62-6pin-d0.8-pad-4,793bd134-7c56-4ac2-a89e-cdfe346dfea0
pkg-7.62-6pin-d0.8-pad-5,43605f2a-7e04-43b5-9532-3faee784b8a4
pkg-7.62-6pin-d0.8-pad-6,b375e03a-7c89-471c-9f6e-13d7772bac59
pkg-7.62-6pin-d0.8-pin1-dot-silkscreen-compact,046bffe9-5daf-4504-a4e0-36acbb96d27c
pkg-7.62-6pin-d0.8-pin1-dot-silkscreen-handsoldering,615359bd-e140-4271-9ef7-74260c4a3c98
pkg-7.62-6pin-d0.8-pkg,37bfe725-ae0a-4111-8763-5b9c74c1f5a2
pkg-7.62-6pin-d0.8-polygon-outline,53212967-62a6-40da-8308-6069d167c667
pkg-7.62-6pin-d0.8-polygon-outline-compact,5010e7ca-1979-4632-b56b-2dbc4bded71d
pkg-7.62-6pin-d0.8-polygon-outline-handsoldering,24728664-9eb2-4851-b919-63e0226b2d30
pkg-7.62-6pin-d0.8-polygon-silkscreen-compact,f7508faf-b82e-418e-b66a-e317ff438eee
pkg-7.62-6pin-d0.8-polygon-silkscreen-handsoldering,34882f59-6e27-448c-a23c-65693c9f5cef
pkg-7.62-6pin-d0.8-text-name,6471914f-11c9-420a-8040-df0a8c9f6bf2
pkg-7.62-6pin-d0.8-text-name-compact,091fb40b-b394-4562-a07f-0d2e235199ed
pkg-7.62-6pin-d0.8-text-name-handsoldering,cd985a9d-8634-42d4-98ef-7279157ec217
pkg-7.62-6pin-d0.8-text-value,9e6a78ff-a8fd-487a-b6db-56b8102a0c88
pkg-7.62-6pin-d0.8-text-value-compact,f56d4aad-2330-4f98-aadb-22b18f8f03d0
pkg-7.62-6pin-d0.8-text-value-handsoldering,9221f61b-45d8-4370-9e86-9108819e24f6
pkg-7.62-8pin-d0.8-footprint-compact,8f837a95-4e3e-407b-ab7c-71f0577d9384
pkg-7.62-8pin-d0.8-footprint-handsoldering,9408300b-9a69-43c0-8926-751414b1252a
pkg-7.62-8pin-d0.8-pad-1,91607d5c-257d-4d2c-a5ef-2fb6e869c143
pkg-7.62-8pin-d0.8-pad-2,01f34160-65de-4e5e-9db1-3e186d38b186
pkg-7.62-8pin-d0.8-pad-3,7ef06bc0-a1b8-4efd-b089-2347a7562272
pkg-7.62-8pin-d0.8-pad-4,13904582-16ae-4f00-b796-1e8ec7321574
pkg-7.62-8pin-d0.8-pad-5,fc6081c5-2de5-4306-916b-c4f860e790d2
pkg-7.62-8pin-d0.8-pad-6,c8ce3c8f-d3ca-484a-aeea-882badbfd039
pkg-7.62-8pin-d0.8-pad-7,a193ba1f-6f5c-4bff-b5d0-93810ce154c4
pkg-7.62-8pin-d0.8-pad-8,6f52c096-3d8c-43e7-ae41-e295050ceffe
pkg-7.62-8pin-d0.8-pin1-dot-silkscreen-compact,d1bdcdfa-5a72-4146-be7c-1fd123404810
pkg-7.62-8pin-d0.8-pin1-dot-silkscreen-handsoldering,85de82bd-5e57-4083-bd06-ddee088ba019
pkg-7.62-8pin-d0.8-pkg,d1e4b152-0fd5-4ced-9c46-691c0e1d7105
pkg-7.62-8pin-d0.8-polygon-outline,ef461d98-ad34-4559-9faa-dcfcf04781d3
pkg-7.62-8pin-d0.8-polygon-outline-compact,b28322e6-1a4a-4cba-a345-8a8dca6097d2
pkg-7.62-8pin-d0.8-polygon-outline-handsoldering,bfa5304f-f0fa-473e-80d9-cfec6bbe6885
pkg-7.62-8pin-d0.8-polygon-silkscreen-compact,cc618a98-a9c0-42ba-9e72-e7c1654f55ee
pkg-7.62-8pin-d0.8-polygon-silkscreen-handsoldering,0a7d92c0-47e2-4015-870b-60df2df9720e
pkg-7.62-8pin-d0.8-text-name,ab88550d-6ee4-45af-bfb5-70b504c7d41a
pkg-7.62-8pin-d0.8-text-name-compact,afd4daca-c22e-4dc3-8db7-1737d5a53c62
pkg-7.62-8pin-d0.8-text-name-handsoldering,d268a8b4-1ab8-4c7b-ae53-6cc75a89a221
pkg-7.62-8pin-d0.8-text-value,e9567e07-e3eb-4b4f-8551-86389979e2c9
pkg-7.62-8pin-d0.8-text-value-compact,9d39250b-bfa5-4c0e-8b6e-3b9ea212c0f7
pkg-7.62-8pin-d0.8-text-value-handsoldering,d1415eeb-e26e-4351-8191-bd17383373bb
