dev-resistor~0402~(01005)-dev,58678317-f386-416d-890a-470f59ab3fba
dev-resistor~0603~(0201)-dev,324de04a-f2ac-4134-b8bf-914173c150bf
dev-resistor~1005~(0402)-dev,5ff4a2e5-3593-49ab-bdbe-f9b68015a3ed
dev-resistor~11569~(4527)-dev,3cf91223-569c-4cf5-b2ec-64fa283bd04f
dev-resistor~1608~(0603)-dev,483a71eb-318e-448e-82ff-f02efc4821aa
dev-resistor~2012~(0805)-dev,078650d3-483c-4b9e-a848-b14f1aad2edc
dev-resistor~3216~(1206)-dev,a6a6744d-7d3b-450a-b782-feca43939ca5
dev-resistor~3225~(1210)-dev,a5153d16-a78b-439c-876b-12d12a607237
dev-resistor~3246~(1218)-dev,3a5ce2ef-4c16-459f-a6b8-f914508a17a1
dev-resistor~5025~(2010)-dev,5512ed40-604c-43fd-802c-1da10d419357
dev-resistor~6432~(2512)-dev,52876458-2396-4ade-8280-6a033efa911f
pkg-cappm320x160x100l80x120-footprint-density~a,30785c63-1072-447e-8b11-25db9375fe81
pkg-cappm320x160x100l80x120-footprint-density~b,b6c79a17-2287-41ef-b7ab-bd2a1110ee76
pkg-cappm320x160x100l80x120-footprint-density~c,d72bcb69-c34e-4d2c-b0a2-f14cce74e62c
pkg-cappm320x160x100l80x120-line-silkscreen-bot-density~a,9379f5ec-12fa-4aec-a59d-7259ed9d0241
pkg-cappm320x160x100l80x120-line-silkscreen-bot-density~b,0703493d-7364-4733-9e2c-60044fe48096
pkg-cappm320x160x100l80x120-line-silkscreen-bot-density~c,14f769cc-a973-4a04-bee6-9f9c28895d28
pkg-cappm320x160x100l80x120-line-silkscreen-top-density~a,85931e5d-1da1-478a-b4df-22e5773c8ea5
pkg-cappm320x160x100l80x120-line-silkscreen-top-density~b,a6352956-4928-428f-a042-aa04efde540c
pkg-cappm320x160x100l80x120-line-silkscreen-top-density~c,e5bd6af6-2295-413f-ad46-11c96fa2abc9
pkg-cappm320x160x100l80x120-pad-n,b142f84d-2856-4464-8a52-b45facdb61e7
pkg-cappm320x160x100l80x120-pad-p,a9565d32-37a9-4b63-8944-4252d57edd45
pkg-cappm320x160x100l80x120-pkg,70eda968-e431-495a-89f7-8007e10d3754
pkg-cappm320x160x100l80x120-polygon-courtyard-density~a,b172d131-2d23-46c9-af78-5445885eec6b
pkg-cappm320x160x100l80x120-polygon-courtyard-density~b,895d7b8b-4a2d-4189-88dc-cad6f38d239f
pkg-cappm320x160x100l80x120-polygon-courtyard-density~c,487cf89e-8008-4ec8-a073-a845c243b928
pkg-cappm320x160x100l80x120-polygon-outline-around-density~a,bba8cca4-55b5-4344-ab96-b68a806dc1a9
pkg-cappm320x160x100l80x120-polygon-outline-around-density~b,0891afa7-5e63-45b6-8f82-92ec346d3440
pkg-cappm320x160x100l80x120-polygon-outline-around-density~c,30393528-fab1-49fa-8de4-628f70fb593b
pkg-cappm320x160x100l80x120-polygon-outline-bot-density~a,72db1d9f-c25f-43f8-be11-c173cf8187a1
pkg-cappm320x160x100l80x120-polygon-outline-bot-density~b,f317ca33-0ef0-49c2-9830-0b73396127d7
pkg-cappm320x160x100l80x120-polygon-outline-bot-density~c,d2ea9ee1-53a7-407f-924d-f67d903a3377
pkg-cappm320x160x100l80x120-polygon-outline-left-density~a,b1cad8d6-7316-4abc-95e2-777247e5575e
pkg-cappm320x160x100l80x120-polygon-outline-left-density~b,1cdb962b-75c5-4259-ae0b-9b97aacee56f
pkg-cappm320x160x100l80x120-polygon-outline-left-density~c,70a5186c-317b-4012-a5f3-216ac804a5ae
pkg-cappm320x160x100l80x120-polygon-outline-right-density~a,01923b88-fb2c-4442-a139-c3492f487ebc
pkg-cappm320x160x100l80x120-polygon-outline-right-density~b,2f4b589f-f62f-4a46-bcca-a9f699f648aa
pkg-cappm320x160x100l80x120-polygon-outline-right-density~c,fc8d1304-1db8-444a-9452-2eca4b0150f2
pkg-cappm320x160x100l80x120-polygon-outline-top-density~a,6c38f31a-254c-42e8-b4c4-7b3cbc8626c3
pkg-cappm320x160x100l80x120-polygon-outline-top-density~b,76fa15ff-fa81-445e-9588-2d034f501e7a
pkg-cappm320x160x100l80x120-polygon-outline-top-density~c,7cbe58f8-62c3-4efc-90ff-2c0a155715e9
pkg-cappm320x160x100l80x120-polygon-polarization-mark-density~a,003dcec7-ddcf-4e48-a172-1da83b8a58e3
pkg-cappm320x160x100l80x120-polygon-polarization-mark-density~b,029c15fb-7e57-49ab-b074-f33017515139
pkg-cappm320x160x100l80x120-polygon-polarization-mark-density~c,bdb5b055-016f-489d-b8b7-890deca8d893
pkg-cappm320x160x100l80x120-text-name-density~a,551d8e76-9ad9-4783-9095-531d6c98842d
pkg-cappm320x160x100l80x120-text-name-density~b,3d867cb6-8080-4685-8800-949538072b94
pkg-cappm320x160x100l80x120-text-name-density~c,4d68d435-3e0a-4d26-bdbb-b8f550d55393
pkg-cappm320x160x100l80x120-text-value-density~a,3ab6c2d0-fc34-41ba-ac83-55f608d144f0
pkg-cappm320x160x100l80x120-text-value-density~b,6e9377bf-dddb-45fd-8a7c-ef9dd8278507
pkg-cappm320x160x100l80x120-text-value-density~c,e3198c1c-e8a1-4b94-8649-147a05c15d01
pkg-cappm320x160x120l80x120-footprint-density~a,0d735e5d-b013-49e9-9004-1781b979396c
pkg-cappm320x160x120l80x120-footprint-density~b,26325914-842c-4002-a77f-1a0845a3ebc4
pkg-cappm320x160x120l80x120-footprint-density~c,14a06a0e-c989-462d-aea4-324dada725a6
pkg-cappm320x160x120l80x120-line-silkscreen-bot-density~a,73ffb3a5-a604-430a-b6df-54c1aacf32d2
pkg-cappm320x160x120l80x120-line-silkscreen-bot-density~b,2fe1b2c5-5d4d-4da9-bbe1-a83127ee7513
pkg-cappm320x160x120l80x120-line-silkscreen-bot-density~c,1fcbb6ef-ddc1-4bc9-827c-eec75d5a8b2a
pkg-cappm320x160x120l80x120-line-silkscreen-top-density~a,eb2e8b43-8eff-4977-a01e-b47e900a8714
pkg-cappm320x160x120l80x120-line-silkscreen-top-density~b,882e423a-1f69-4100-b6eb-b271515c6553
pkg-cappm320x160x120l80x120-line-silkscreen-top-density~c,f7a9e4a7-4f57-4116-a0d2-ac8ad39c459d
pkg-cappm320x160x120l80x120-pad-n,20227f4b-e8f9-4d44-95e0-a52f1485821a
pkg-cappm320x160x120l80x120-pad-p,f1bc4b3e-c73a-4605-9866-66e9bef53575
pkg-cappm320x160x120l80x120-pkg,01808b65-9f74-407b-a70c-d82f238f04f2
pkg-cappm320x160x120l80x120-polygon-courtyard-density~a,9f3f840a-077a-4188-9bcf-72b234f853be
pkg-cappm320x160x120l80x120-polygon-courtyard-density~b,9b064bd3-2403-4b20-be18-6fb4ddda1f1f
pkg-cappm320x160x120l80x120-polygon-courtyard-density~c,a6a6401b-0510-4041-8a14-f773052a14d2
pkg-cappm320x160x120l80x120-polygon-outline-around-density~a,722ff6bc-65e2-4c56-8ef0-9007ff73aa29
pkg-cappm320x160x120l80x120-polygon-outline-around-density~b,6d7856ec-117b-4aab-86f2-c351fc80cc7f
pkg-cappm320x160x120l80x120-polygon-outline-around-density~c,e754a579-aa8f-4abb-9f50-ee2bf15f8066
pkg-cappm320x160x120l80x120-polygon-outline-bot-density~a,dcfbb72a-9848-470b-9489-0fd182d8099d
pkg-cappm320x160x120l80x120-polygon-outline-bot-density~b,94552622-3bbf-4fe2-9e0c-2d25b28d8d4c
pkg-cappm320x160x120l80x120-polygon-outline-bot-density~c,d447c378-467a-49aa-ab38-17c1e485c73d
pkg-cappm320x160x120l80x120-polygon-outline-left-density~a,79d9d496-a683-4f86-8ebd-48314e7aeb0b
pkg-cappm320x160x120l80x120-polygon-outline-left-density~b,22d6e12e-079d-4613-b293-a1c65db24e35
pkg-cappm320x160x120l80x120-polygon-outline-left-density~c,35928808-7855-404a-b800-ccababe34d6f
pkg-cappm320x160x120l80x120-polygon-outline-right-density~a,7eb4770b-93c4-40be-a999-7fcd5221036f
pkg-cappm320x160x120l80x120-polygon-outline-right-density~b,60468035-70de-41b7-ab0f-01875713731d
pkg-cappm320x160x120l80x120-polygon-outline-right-density~c,e1c11e4e-2ae1-49ab-ada7-fa4a6d9f9998
pkg-cappm320x160x120l80x120-polygon-outline-top-density~a,e9d1ce65-908b-4b9b-931b-a655d97ff539
pkg-cappm320x160x120l80x120-polygon-outline-top-density~b,113db02a-42d8-466b-959d-88d1cb43fc6f
pkg-cappm320x160x120l80x120-polygon-outline-top-density~c,7c969468-80d3-4e7d-a4e8-8cf65b5a2568
pkg-cappm320x160x120l80x120-polygon-polarization-mark-density~a,184217c6-8817-46e6-8da1-ffdca22f1321
pkg-cappm320x160x120l80x120-polygon-polarization-mark-density~b,1072205c-3600-4e31-b670-883b59fa35ff
pkg-cappm320x160x120l80x120-polygon-polarization-mark-density~c,1a8bff67-0451-480e-8847-20dcb8c5b963
pkg-cappm320x160x120l80x120-text-name-density~a,7c2d3a3a-722a-40fc-b01a-ff7168f54914
pkg-cappm320x160x120l80x120-text-name-density~b,6f478f5a-af56-4d0f-a924-4509503514cc
pkg-cappm320x160x120l80x120-text-name-density~c,b6e0f69e-9c04-4e06-bf69-0b7c1b806a2c
pkg-cappm320x160x120l80x120-text-value-density~a,fd29e410-46b9-41f1-93e7-52efc2246bd0
pkg-cappm320x160x120l80x120-text-value-density~b,49a4d40d-d630-47b2-9990-c7470185d0f0
pkg-cappm320x160x120l80x120-text-value-density~c,794b792d-2c7e-4f35-8688-4c34df9f69d2
pkg-cappm320x160x180l80x120-footprint-density~a,0ed5a843-5fcf-4036-9003-fee5bddb5ef7
pkg-cappm320x160x180l80x120-footprint-density~b,1ae6a035-f288-420f-8825-18d0cbbb1079
pkg-cappm320x160x180l80x120-footprint-density~c,f68d3579-df24-4d0d-a4ba-d9542256a5af
pkg-cappm320x160x180l80x120-line-silkscreen-bot-density~a,23622e1f-5b8f-4500-b73e-d2c9a0181300
pkg-cappm320x160x180l80x120-line-silkscreen-bot-density~b,10bd3eaa-1466-4c57-939b-722e03206229
pkg-cappm320x160x180l80x120-line-silkscreen-bot-density~c,58c1af50-6814-48fe-971d-25d5690e17f7
pkg-cappm320x160x180l80x120-line-silkscreen-top-density~a,4a259059-0888-4117-8181-ea0fe6eaa3d2
pkg-cappm320x160x180l80x120-line-silkscreen-top-density~b,2373fed0-e28c-4831-94c7-5aa78df6869a
pkg-cappm320x160x180l80x120-line-silkscreen-top-density~c,6e0cc05e-a97a-4a76-af8e-921785b9b240
pkg-cappm320x160x180l80x120-pad-n,98a05a6d-43eb-4e3f-8467-1ae656155429
pkg-cappm320x160x180l80x120-pad-p,32e149f5-eb6b-4170-bd37-79d9c689cb1b
pkg-cappm320x160x180l80x120-pkg,df67186a-b6cc-4caf-96c6-31aa9b4ed404
pkg-cappm320x160x180l80x120-polygon-courtyard-density~a,82a6d17c-7baa-4ddf-85dd-71dbf580629f
pkg-cappm320x160x180l80x120-polygon-courtyard-density~b,d864fb61-1c9c-43ee-84e2-e076d81f339b
pkg-cappm320x160x180l80x120-polygon-courtyard-density~c,bf97df58-a80b-49f5-8035-bdba29ae8e5c
pkg-cappm320x160x180l80x120-polygon-outline-around-density~a,bf8aa9a6-c768-411f-8a0e-0e053a880c3b
pkg-cappm320x160x180l80x120-polygon-outline-around-density~b,1cefaf34-4699-4230-8882-76dd73d643be
pkg-cappm320x160x180l80x120-polygon-outline-around-density~c,bb57bd46-755d-4f49-a702-24266462b6ff
pkg-cappm320x160x180l80x120-polygon-outline-bot-density~a,759306f2-36fc-4f0e-981f-3fb0aa9f3346
pkg-cappm320x160x180l80x120-polygon-outline-bot-density~b,0f87b184-0b28-4679-9fed-76ef17f19f2d
pkg-cappm320x160x180l80x120-polygon-outline-bot-density~c,5b5979fb-1ead-4d73-b4c2-eea4ecd6b897
pkg-cappm320x160x180l80x120-polygon-outline-left-density~a,d320f6de-49f2-4351-b6c8-34ec8a7e7f77
pkg-cappm320x160x180l80x120-polygon-outline-left-density~b,79d06245-c9c8-427f-b3c2-2b23457ef500
pkg-cappm320x160x180l80x120-polygon-outline-left-density~c,57e11003-3309-43c4-974b-724745ac64c6
pkg-cappm320x160x180l80x120-polygon-outline-right-density~a,28e24404-0e75-4a20-b5a7-e1db585c6548
pkg-cappm320x160x180l80x120-polygon-outline-right-density~b,408fc454-13d9-47d2-8dd5-efd2791d123e
pkg-cappm320x160x180l80x120-polygon-outline-right-density~c,ae8980db-6412-4327-9aa3-61348192735f
pkg-cappm320x160x180l80x120-polygon-outline-top-density~a,9b8e2a31-9f50-4e2f-a85c-f03c007e8940
pkg-cappm320x160x180l80x120-polygon-outline-top-density~b,e133ea11-b912-4ae9-9f31-49deaa6e6a23
pkg-cappm320x160x180l80x120-polygon-outline-top-density~c,8d157769-cf09-4c30-b673-843af679e8bd
pkg-cappm320x160x180l80x120-polygon-polarization-mark-density~a,9696580a-575a-44e9-a982-d697be23db62
pkg-cappm320x160x180l80x120-polygon-polarization-mark-density~b,513aad4f-8aba-4300-8cd0-6a5fb6eaa6ec
pkg-cappm320x160x180l80x120-polygon-polarization-mark-density~c,4440197c-01cd-4107-9d03-98c18656b06d
pkg-cappm320x160x180l80x120-text-name-density~a,5382d2a5-e2cc-41be-8cd6-cd3ed641469e
pkg-cappm320x160x180l80x120-text-name-density~b,23f2019f-5bad-401a-b52a-386c5c5ec494
pkg-cappm320x160x180l80x120-text-name-density~c,ae74f101-e68a-4fe0-8e4e-2a8263224ccc
pkg-cappm320x160x180l80x120-text-value-density~a,46addb72-6052-4b36-b034-d89c1e4910c7
pkg-cappm320x160x180l80x120-text-value-density~b,35d5c543-7d7c-46a1-94aa-01c1893a0202
pkg-cappm320x160x180l80x120-text-value-density~c,b90f0afb-2611-4b14-b78b-2f318f02d4cb
pkg-cappm350x280x120l80x220-footprint-density~a,3b07cd61-6271-43ee-80fa-a51b1c8c3b87
pkg-cappm350x280x120l80x220-footprint-density~b,e51f9fc5-91cd-4a4c-967d-c6980dab51fb
pkg-cappm350x280x120l80x220-footprint-density~c,a3483ae1-94ec-4cba-895a-91f02faa0142
pkg-cappm350x280x120l80x220-line-silkscreen-bot-density~a,da3c8de1-96f0-441e-b609-3244f53ccaed
pkg-cappm350x280x120l80x220-line-silkscreen-bot-density~b,5d562d08-4337-48d1-bda4-f5db9fb99f41
pkg-cappm350x280x120l80x220-line-silkscreen-bot-density~c,8577ed10-00e3-4ac4-9ed1-13b1e974d2fb
pkg-cappm350x280x120l80x220-line-silkscreen-top-density~a,754fa164-aece-4dc1-910e-b3977281395a
pkg-cappm350x280x120l80x220-line-silkscreen-top-density~b,67607cb0-131d-4762-9c9a-397b7b3b7cd0
pkg-cappm350x280x120l80x220-line-silkscreen-top-density~c,045257ce-e409-4cc1-adf3-2ccd34432bd9
pkg-cappm350x280x120l80x220-pad-n,f6b5ad77-1abb-4b56-a233-d864ffdd3abe
pkg-cappm350x280x120l80x220-pad-p,4466d5ab-073f-4395-b64b-cbfd52a63de1
pkg-cappm350x280x120l80x220-pkg,98992104-66ea-4797-9d22-60c2711a7958
pkg-cappm350x280x120l80x220-polygon-courtyard-density~a,3c8013b1-cac1-45d2-a190-656a3f27fc91
pkg-cappm350x280x120l80x220-polygon-courtyard-density~b,00207bda-5f06-42c0-877c-e73b8a1996a4
pkg-cappm350x280x120l80x220-polygon-courtyard-density~c,0e0e06d1-1a3e-438b-a3c5-5a9d10417391
pkg-cappm350x280x120l80x220-polygon-outline-around-density~a,1795ac06-bea5-417e-8ebf-91a7d7454eb2
pkg-cappm350x280x120l80x220-polygon-outline-around-density~b,7a4264f1-d5f5-4aa0-844b-114e64ba37ff
pkg-cappm350x280x120l80x220-polygon-outline-around-density~c,abb059d4-ea4b-470c-bb12-b149de48a14b
pkg-cappm350x280x120l80x220-polygon-outline-bot-density~a,d2904b4b-7c13-46c0-8a5d-9ba2d22b9c65
pkg-cappm350x280x120l80x220-polygon-outline-bot-density~b,eb482f6b-c654-400a-988e-7713d4654e0d
pkg-cappm350x280x120l80x220-polygon-outline-bot-density~c,c02c192d-602e-4a76-a8ac-d19c1c9ec216
pkg-cappm350x280x120l80x220-polygon-outline-left-density~a,fd838fe2-dd23-4337-9b98-02797cc28520
pkg-cappm350x280x120l80x220-polygon-outline-left-density~b,73933ab7-d722-4cf9-9f06-34c69cef526b
pkg-cappm350x280x120l80x220-polygon-outline-left-density~c,5a7acb38-e8e3-4100-b239-c67afa6fdfa5
pkg-cappm350x280x120l80x220-polygon-outline-right-density~a,40cfd399-ac58-4560-85c7-71f4343dff9b
pkg-cappm350x280x120l80x220-polygon-outline-right-density~b,745cf701-edc1-4403-a287-4c7b4f0d50da
pkg-cappm350x280x120l80x220-polygon-outline-right-density~c,e2b00ac0-9b6c-4e25-ad9e-ac55ab8ca697
pkg-cappm350x280x120l80x220-polygon-outline-top-density~a,5a54471a-a34f-495a-8595-be53c416cf04
pkg-cappm350x280x120l80x220-polygon-outline-top-density~b,7ecc080d-e836-4653-a5f5-6997f8f7283b
pkg-cappm350x280x120l80x220-polygon-outline-top-density~c,8027865d-9791-454f-bf9d-9e4d0b2be1e6
pkg-cappm350x280x120l80x220-polygon-polarization-mark-density~a,c8facb03-0a2d-447f-b2a4-cd2e6d379d9d
pkg-cappm350x280x120l80x220-polygon-polarization-mark-density~b,8c8c0fd0-ab1e-49c3-8476-2a1814382a98
pkg-cappm350x280x120l80x220-polygon-polarization-mark-density~c,5c5de5ba-0753-40b6-820e-ea7634e6f069
pkg-cappm350x280x120l80x220-text-name-density~a,76ff80c1-17cd-4e98-8a1e-a770e2c68040
pkg-cappm350x280x120l80x220-text-name-density~b,f3ec16e0-ad0d-482a-bd88-40f4ea55ad92
pkg-cappm350x280x120l80x220-text-name-density~c,38f23b5c-24e0-4218-92cb-3731d1ce37cd
pkg-cappm350x280x120l80x220-text-value-density~a,9a634cff-cac3-4629-a412-c63a6bab9236
pkg-cappm350x280x120l80x220-text-value-density~b,36bc4a57-fb15-4714-bd12-58b437dc1c50
pkg-cappm350x280x120l80x220-text-value-density~c,dccbeddc-8d3e-4a80-9721-30bcf5e77558
pkg-cappm350x280x210l80x220-footprint-density~a,74c60168-3df8-4da7-810f-33bf989c652d
pkg-cappm350x280x210l80x220-footprint-density~b,7aeb48b8-2b6c-47fc-a5d2-8bbd80b42f21
pkg-cappm350x280x210l80x220-footprint-density~c,30501531-7d5d-45f5-902f-6cd987fdee95
pkg-cappm350x280x210l80x220-line-silkscreen-bot-density~a,ebe8116a-25bc-4b0c-a85b-1e090ad25b6f
pkg-cappm350x280x210l80x220-line-silkscreen-bot-density~b,c5938544-dc8f-4e0c-bfd2-f81118f68c78
pkg-cappm350x280x210l80x220-line-silkscreen-bot-density~c,bcbed8f1-a4d4-465f-bb15-60caece8920a
pkg-cappm350x280x210l80x220-line-silkscreen-top-density~a,ea6dc8f0-3596-4c93-a701-a1f8c2eeaa16
pkg-cappm350x280x210l80x220-line-silkscreen-top-density~b,3c377d89-d37e-41e5-8b9a-a1bfe652813a
pkg-cappm350x280x210l80x220-line-silkscreen-top-density~c,e087243d-c0d5-4fb5-8d0c-4a63e0ca01ec
pkg-cappm350x280x210l80x220-pad-n,ab1c529f-dd58-4cf4-b7bc-64be53daa145
pkg-cappm350x280x210l80x220-pad-p,97e89176-19b9-4c62-b1cb-50df17a757ae
pkg-cappm350x280x210l80x220-pkg,c14a816f-152b-4e0a-8582-3df5441ac3a1
pkg-cappm350x280x210l80x220-polygon-courtyard-density~a,df180198-0a0b-4572-ab45-8fb36714c486
pkg-cappm350x280x210l80x220-polygon-courtyard-density~b,b1846866-193c-4ae5-9111-92e0d0833a2f
pkg-cappm350x280x210l80x220-polygon-courtyard-density~c,f04730d6-9fee-4aa8-9b6c-2f46b5dfa558
pkg-cappm350x280x210l80x220-polygon-outline-around-density~a,2b9ecd7b-230c-4a53-acc0-e583fa4f5945
pkg-cappm350x280x210l80x220-polygon-outline-around-density~b,a7809318-140c-40d1-b2c0-793d7841b416
pkg-cappm350x280x210l80x220-polygon-outline-around-density~c,d0becaa2-2c44-43c3-9a93-b4f59916c6a4
pkg-cappm350x280x210l80x220-polygon-outline-bot-density~a,9fa48a8e-4b3b-41c0-888e-41607c6cf5f8
pkg-cappm350x280x210l80x220-polygon-outline-bot-density~b,76f7ff78-01f5-44f9-b462-27a6427ddf68
pkg-cappm350x280x210l80x220-polygon-outline-bot-density~c,fa2a22a3-0008-4d62-842b-8fb32c4644f7
pkg-cappm350x280x210l80x220-polygon-outline-left-density~a,07925764-7460-4edb-847a-4d938a4007e0
pkg-cappm350x280x210l80x220-polygon-outline-left-density~b,f955c6ba-9dc5-4587-8a45-26edf6c7a0be
pkg-cappm350x280x210l80x220-polygon-outline-left-density~c,d9bbac9a-9379-452b-aa05-b716ec53477e
pkg-cappm350x280x210l80x220-polygon-outline-right-density~a,667cc0bb-f217-4312-9822-58de1d82f2ac
pkg-cappm350x280x210l80x220-polygon-outline-right-density~b,ded64387-bff1-489b-bb3f-7c172e096f93
pkg-cappm350x280x210l80x220-polygon-outline-right-density~c,c931970d-0069-43f5-a117-537b93894be9
pkg-cappm350x280x210l80x220-polygon-outline-top-density~a,3c17bb80-b4af-4045-91dd-8b8c6153a573
pkg-cappm350x280x210l80x220-polygon-outline-top-density~b,a33ffd45-89e7-46e3-a246-2dea57d78b8b
pkg-cappm350x280x210l80x220-polygon-outline-top-density~c,258e3842-6bd5-4ed3-9b4e-c7eacca4df78
pkg-cappm350x280x210l80x220-polygon-polarization-mark-density~a,8797fcf5-d0e2-4798-ab4b-b55fcee5ab91
pkg-cappm350x280x210l80x220-polygon-polarization-mark-density~b,f66a0a97-b3eb-47bd-9643-2a722c245661
pkg-cappm350x280x210l80x220-polygon-polarization-mark-density~c,853b7934-7f0e-49c4-8fd6-81fb516ff82b
pkg-cappm350x280x210l80x220-text-name-density~a,6ba5a904-2bee-403f-89ff-c705acbcb4f7
pkg-cappm350x280x210l80x220-text-name-density~b,ed7e15ee-26ec-4d6e-80ca-2ea1577de951
pkg-cappm350x280x210l80x220-text-name-density~c,6dd428f9-3fca-48b8-a0a2-0a8c13af8486
pkg-cappm350x280x210l80x220-text-value-density~a,5262cb81-b33a-40ed-a91e-38529c0c0681
pkg-cappm350x280x210l80x220-text-value-density~b,8ec56f55-9eb2-4a94-84db-e0c5e61a98a6
pkg-cappm350x280x210l80x220-text-value-density~c,aa5db21a-a8a7-4f44-9432-3f831a4ee95d
pkg-cappm600x320x150l130x220-footprint-density~a,4b3b68fb-2a19-4a2f-a3ff-cefe21bdbeae
pkg-cappm600x320x150l130x220-footprint-density~b,b88094de-82fa-4778-86a6-7180f5f484df
pkg-cappm600x320x150l130x220-footprint-density~c,bdfd53b7-aed7-4e54-97e1-4dff04cb732a
pkg-cappm600x320x150l130x220-line-silkscreen-bot-density~a,1497453a-6b00-40df-a1a5-d9cc820f8df4
pkg-cappm600x320x150l130x220-line-silkscreen-bot-density~b,5442762b-8196-4b1f-9af2-914f93bc230b
pkg-cappm600x320x150l130x220-line-silkscreen-bot-density~c,305624d3-b089-435e-be0a-fa92c3f99eb1
pkg-cappm600x320x150l130x220-line-silkscreen-top-density~a,f43f2fda-e875-46e8-8c4e-830b4111564f
pkg-cappm600x320x150l130x220-line-silkscreen-top-density~b,a19deec5-69ec-4435-92b2-20a79f8111fe
pkg-cappm600x320x150l130x220-line-silkscreen-top-density~c,8fd51300-dbf1-451c-a643-0ff1b0c70503
pkg-cappm600x320x150l130x220-pad-n,62eb8ee5-c850-4865-a999-23ad5cccaddf
pkg-cappm600x320x150l130x220-pad-p,4b6fb0c6-5436-4718-9c70-b0c0d9e8d252
pkg-cappm600x320x150l130x220-pkg,75b01b1b-20f6-4c1e-ae60-60cf228c5bbf
pkg-cappm600x320x150l130x220-polygon-courtyard-density~a,765b4379-4da8-4edb-8734-c03aa4aa5b5a
pkg-cappm600x320x150l130x220-polygon-courtyard-density~b,c161f2da-92d0-4f40-af64-86dd22bec046
pkg-cappm600x320x150l130x220-polygon-courtyard-density~c,41f328a7-d6ee-4f15-8881-ccee63668143
pkg-cappm600x320x150l130x220-polygon-outline-around-density~a,9d8fdcd3-6b9c-42ad-8434-c66505bd890b
pkg-cappm600x320x150l130x220-polygon-outline-around-density~b,8c5ac3f1-2a5e-4e35-9af6-a7d3a7bbea5c
pkg-cappm600x320x150l130x220-polygon-outline-around-density~c,a106f36b-1a73-4d3d-b832-8db6d1a3dfcf
pkg-cappm600x320x150l130x220-polygon-outline-bot-density~a,015fc960-7ca6-4176-a55e-345b9635125a
pkg-cappm600x320x150l130x220-polygon-outline-bot-density~b,39d050bb-0d85-45e8-8a9c-47fcb3226bae
pkg-cappm600x320x150l130x220-polygon-outline-bot-density~c,4a48faaf-340c-42a8-a40b-f72ba1e3a299
pkg-cappm600x320x150l130x220-polygon-outline-left-density~a,27eede2b-ea67-40d9-936b-0bb9b67ba85b
pkg-cappm600x320x150l130x220-polygon-outline-left-density~b,5fddd818-e2c8-48a0-ba37-aacc094cac4f
pkg-cappm600x320x150l130x220-polygon-outline-left-density~c,c2597dc5-5c3d-45c7-92b7-86da0ab0b5d0
pkg-cappm600x320x150l130x220-polygon-outline-right-density~a,00b8d7b0-8684-4cf4-872c-0cecb2db89bc
pkg-cappm600x320x150l130x220-polygon-outline-right-density~b,77807112-21b0-4cbc-bdf5-b6f1678e312d
pkg-cappm600x320x150l130x220-polygon-outline-right-density~c,bb16ffeb-868d-46db-bfff-c0a44dc471ee
pkg-cappm600x320x150l130x220-polygon-outline-top-density~a,7dd7dba4-fa48-4dfc-b5a1-4cdbcf2530b7
pkg-cappm600x320x150l130x220-polygon-outline-top-density~b,95f8f417-3886-4e71-8b8c-4e0702c9e272
pkg-cappm600x320x150l130x220-polygon-outline-top-density~c,b6c953a0-d333-4b7c-bceb-e54b74d95a07
pkg-cappm600x320x150l130x220-polygon-polarization-mark-density~a,ada8eaa5-703c-482b-a70e-7d0ece8002be
pkg-cappm600x320x150l130x220-polygon-polarization-mark-density~b,d427e55c-5c3c-49ee-b15c-22ad5fac9601
pkg-cappm600x320x150l130x220-polygon-polarization-mark-density~c,67cebf29-a3df-4468-8084-ce8b1fd81e47
pkg-cappm600x320x150l130x220-text-name-density~a,7393627a-1373-420a-b633-6f9c24df14ae
pkg-cappm600x320x150l130x220-text-name-density~b,575207c6-db4f-4c12-bf71-8d83be0534b7
pkg-cappm600x320x150l130x220-text-name-density~c,3083e0d6-a5a5-4200-9709-152ae19f7b79
pkg-cappm600x320x150l130x220-text-value-density~a,d04c1bf6-35f8-44cf-9c03-36c080411b96
pkg-cappm600x320x150l130x220-text-value-density~b,cc8aa303-fce3-4a0f-8cb6-664609c48aaf
pkg-cappm600x320x150l130x220-text-value-density~c,0c157061-dc25-4995-88b9-0c23f44c06c8
pkg-cappm600x320x280l130x220-footprint-density~a,adab5798-5709-4565-81dd-e3981561dea9
pkg-cappm600x320x280l130x220-footprint-density~b,3bc2261d-7bee-47ca-b2fd-0bf6d6c49e57
pkg-cappm600x320x280l130x220-footprint-density~c,4717b174-6cda-41e7-9bf7-265f77e91351
pkg-cappm600x320x280l130x220-line-silkscreen-bot-density~a,3552d523-5bed-4651-96e5-7d0fe40db5c8
pkg-cappm600x320x280l130x220-line-silkscreen-bot-density~b,e3c745e7-12a9-4b5a-b70c-a966bfba3bbb
pkg-cappm600x320x280l130x220-line-silkscreen-bot-density~c,195cc1dd-572f-450f-81eb-45c391b87107
pkg-cappm600x320x280l130x220-line-silkscreen-top-density~a,ad287b22-b2b2-4fe6-9670-852e41e6c764
pkg-cappm600x320x280l130x220-line-silkscreen-top-density~b,5e5f83ae-02db-4765-8e42-18f4e21fed8a
pkg-cappm600x320x280l130x220-line-silkscreen-top-density~c,0e5c6ae1-e68c-4b66-aac4-cc174b197d03
pkg-cappm600x320x280l130x220-pad-n,1173978c-6296-4636-8f6f-d613db2359bf
pkg-cappm600x320x280l130x220-pad-p,96b6042a-96f0-4ac9-8e8f-e8ddafc2eace
pkg-cappm600x320x280l130x220-pkg,8f98b161-9173-434b-aa8d-324d93aac96b
pkg-cappm600x320x280l130x220-polygon-courtyard-density~a,1e7565ea-8078-4091-8bc5-8c05fc7a93c5
pkg-cappm600x320x280l130x220-polygon-courtyard-density~b,47f26a74-4b6a-4bca-8971-b81c863a5766
pkg-cappm600x320x280l130x220-polygon-courtyard-density~c,b79e44ec-9a8e-43b8-b9c2-9e678b871a9e
pkg-cappm600x320x280l130x220-polygon-outline-around-density~a,8abf062e-5ff9-40b1-bc41-5cd7a98c724d
pkg-cappm600x320x280l130x220-polygon-outline-around-density~b,f83454a8-bf1c-4336-931c-38d42ce9d421
pkg-cappm600x320x280l130x220-polygon-outline-around-density~c,f6862c46-1175-46af-9cfd-a367b24d26a7
pkg-cappm600x320x280l130x220-polygon-outline-bot-density~a,9c04e3e7-d7aa-4c37-bf15-9429aad61c26
pkg-cappm600x320x280l130x220-polygon-outline-bot-density~b,079c67b8-a065-418e-8d46-a06766b234bf
pkg-cappm600x320x280l130x220-polygon-outline-bot-density~c,47ecb1fc-6c67-4e6d-afe1-75d9ea40e669
pkg-cappm600x320x280l130x220-polygon-outline-left-density~a,846fbdb1-3d03-4390-b7ca-4c6567801351
pkg-cappm600x320x280l130x220-polygon-outline-left-density~b,ddf6ca81-381c-4e6e-8cb3-7cd1da4c105a
pkg-cappm600x320x280l130x220-polygon-outline-left-density~c,d6c56b8d-9e4e-43f3-9cd9-cabbd7d7468e
pkg-cappm600x320x280l130x220-polygon-outline-right-density~a,8c0c168f-73ff-4bee-8522-dcd96c996c5e
pkg-cappm600x320x280l130x220-polygon-outline-right-density~b,e759d9bd-5bb5-43ba-b6ab-0e98ba94dc75
pkg-cappm600x320x280l130x220-polygon-outline-right-density~c,173b1889-b7da-4563-9d46-1215ee2be466
pkg-cappm600x320x280l130x220-polygon-outline-top-density~a,494bd978-fa74-48b7-b0c0-c2eb55889fb1
pkg-cappm600x320x280l130x220-polygon-outline-top-density~b,7758ae1a-eaba-4cd2-a154-4206915b61a2
pkg-cappm600x320x280l130x220-polygon-outline-top-density~c,4aafef0d-dfd4-4bd7-a882-e4ee5afab7f7
pkg-cappm600x320x280l130x220-polygon-polarization-mark-density~a,cc642763-d7ff-4a93-b28b-a3c7de84df89
pkg-cappm600x320x280l130x220-polygon-polarization-mark-density~b,fd65dc97-a4b9-432e-9c63-3862473322e3
pkg-cappm600x320x280l130x220-polygon-polarization-mark-density~c,48321027-89ee-41bf-910a-f0f8409166e0
pkg-cappm600x320x280l130x220-text-name-density~a,45d28a36-9ee5-4092-8c9a-ac7e5eeb6a62
pkg-cappm600x320x280l130x220-text-name-density~b,5974559a-0b32-4079-a364-141cebd12ef4
pkg-cappm600x320x280l130x220-text-name-density~c,8a38033a-f1a9-470d-876f-c429f80f65fb
pkg-cappm600x320x280l130x220-text-value-density~a,9f5fba5f-2a0f-40fa-8748-4e45f84b087f
pkg-cappm600x320x280l130x220-text-value-density~b,edbe278d-db10-4c4b-b166-fd24bcc015ac
pkg-cappm600x320x280l130x220-text-value-density~c,32ca7340-a63b-40e3-99ac-91817bbb8f91
pkg-cappm730x430x200l130x240-footprint-density~a,609686bd-1e52-4039-9f62-f427c06a5ecd
pkg-cappm730x430x200l130x240-footprint-density~b,6a4e41bc-94c1-402a-b7ab-800a741f6bf4
pkg-cappm730x430x200l130x240-footprint-density~c,5c23e776-4ad2-4c1f-a542-33feb51dba54
pkg-cappm730x430x200l130x240-line-silkscreen-bot-density~a,bc550a3f-7a9a-49d0-9672-fef1b597689f
pkg-cappm730x430x200l130x240-line-silkscreen-bot-density~b,189f5046-1b90-4e72-93d6-f0b1efe1967c
pkg-cappm730x430x200l130x240-line-silkscreen-bot-density~c,13a37e95-0fc2-427e-8917-e5bf17ee7cc7
pkg-cappm730x430x200l130x240-line-silkscreen-top-density~a,21ce0ad1-859e-4f41-966f-abb8dc21e91a
pkg-cappm730x430x200l130x240-line-silkscreen-top-density~b,6d1c1c67-843c-433f-8a47-dce12b923716
pkg-cappm730x430x200l130x240-line-silkscreen-top-density~c,c9a8c662-ebbe-4524-bdc2-20682f3fa417
pkg-cappm730x430x200l130x240-pad-n,1a34a5d0-0a82-49b4-b9ec-b48510126264
pkg-cappm730x430x200l130x240-pad-p,4030508c-879b-4316-a24a-b55e38413557
pkg-cappm730x430x200l130x240-pkg,784bb2d3-1341-416a-8791-14b0f9fe5925
pkg-cappm730x430x200l130x240-polygon-courtyard-density~a,ebf90c5e-57f9-4da6-b2fb-0cf9b1c5c0a9
pkg-cappm730x430x200l130x240-polygon-courtyard-density~b,c21e1578-a0d5-475e-b10a-4b3e200c3a53
pkg-cappm730x430x200l130x240-polygon-courtyard-density~c,a5095ada-b996-4320-a8c4-6cd74bd9f75e
pkg-cappm730x430x200l130x240-polygon-outline-around-density~a,212e0646-340d-42aa-8789-fdf55f81a288
pkg-cappm730x430x200l130x240-polygon-outline-around-density~b,8c29e613-277c-4d95-8ae1-1417ecf6e598
pkg-cappm730x430x200l130x240-polygon-outline-around-density~c,dd534b03-670a-4ebf-b7c2-9c6510b74a22
pkg-cappm730x430x200l130x240-polygon-outline-bot-density~a,abfe54a8-ff76-4d0b-be1f-50e05203a80d
pkg-cappm730x430x200l130x240-polygon-outline-bot-density~b,9b5e079d-b5ea-4b29-a337-0ed607a0de03
pkg-cappm730x430x200l130x240-polygon-outline-bot-density~c,975c8e25-c180-4d4c-a46a-d8b4b3aee86b
pkg-cappm730x430x200l130x240-polygon-outline-left-density~a,7ae8346f-76c2-4df7-892c-a7e4f8862070
pkg-cappm730x430x200l130x240-polygon-outline-left-density~b,f935d0d9-a96d-4fbb-8444-d5353cccbc75
pkg-cappm730x430x200l130x240-polygon-outline-left-density~c,e6cc3bb1-4dee-4a04-85ce-6276ecf6400c
pkg-cappm730x430x200l130x240-polygon-outline-right-density~a,3bd80ce6-2b32-41dc-93c4-b8b5f271890a
pkg-cappm730x430x200l130x240-polygon-outline-right-density~b,a0a9222a-c4bd-4fc7-980d-6179ab028764
pkg-cappm730x430x200l130x240-polygon-outline-right-density~c,e4275e1f-2bc2-44c9-95f1-477bd5dd8154
pkg-cappm730x430x200l130x240-polygon-outline-top-density~a,aa22a97b-d81b-41d2-b779-cc4a23a45ae0
pkg-cappm730x430x200l130x240-polygon-outline-top-density~b,57022d88-8363-4cdb-ad05-3a45a655bb37
pkg-cappm730x430x200l130x240-polygon-outline-top-density~c,4408b81c-0a16-40d9-8ae4-0debaaf78afa
pkg-cappm730x430x200l130x240-polygon-polarization-mark-density~a,4f816086-e83b-42d3-8e59-38da3a53e796
pkg-cappm730x430x200l130x240-polygon-polarization-mark-density~b,7f427237-2e89-4e8a-b620-c2874a1ae56b
pkg-cappm730x430x200l130x240-polygon-polarization-mark-density~c,9743befd-0f08-4320-aa19-33d714d949f7
pkg-cappm730x430x200l130x240-text-name-density~a,d11c6150-1ec7-47df-be0c-15f56edf80d0
pkg-cappm730x430x200l130x240-text-name-density~b,ab77a6aa-59dd-4313-bd71-6e40123ce577
pkg-cappm730x430x200l130x240-text-name-density~c,41f5e38b-85b9-49b7-b98f-cf883fa6ac2b
pkg-cappm730x430x200l130x240-text-value-density~a,ff925b0f-6244-4b07-bd67-1019c17868b1
pkg-cappm730x430x200l130x240-text-value-density~b,edfe59b9-e4d9-4ef9-9475-c560830c12ce
pkg-cappm730x430x200l130x240-text-value-density~c,9f22d2b0-6410-41fc-b593-e9916858301b
pkg-cappm730x430x310l130x240-footprint-density~a,73519808-1a6e-46e3-8400-f71d2e470701
pkg-cappm730x430x310l130x240-footprint-density~b,0e183346-40fa-4393-91b8-080dab457ded
pkg-cappm730x430x310l130x240-footprint-density~c,570f4819-09d3-4ea0-a652-4397ab26a51b
pkg-cappm730x430x310l130x240-line-silkscreen-bot-density~a,45b17072-7ce7-43bc-adad-2bc8e5204d57
pkg-cappm730x430x310l130x240-line-silkscreen-bot-density~b,b2a4bcde-cfee-4714-b9d0-c230562dabc9
pkg-cappm730x430x310l130x240-line-silkscreen-bot-density~c,748c4f33-fe9c-4b43-a604-6be2417ca9f8
pkg-cappm730x430x310l130x240-line-silkscreen-top-density~a,3a37c9a6-2cec-46f3-9f7f-84fbbb7841ea
pkg-cappm730x430x310l130x240-line-silkscreen-top-density~b,70f31578-38c2-46b2-8b4d-f07dc815696a
pkg-cappm730x430x310l130x240-line-silkscreen-top-density~c,5249b655-488d-4e97-8b81-2f60a05b00c7
pkg-cappm730x430x310l130x240-pad-n,52bef59f-e91d-43de-95cb-87250bae9dd1
pkg-cappm730x430x310l130x240-pad-p,d8326d57-cd1a-4e0a-b556-b9c040c78e17
pkg-cappm730x430x310l130x240-pkg,a1a95deb-aeee-49c5-bf47-dc6d043b0d26
pkg-cappm730x430x310l130x240-polygon-courtyard-density~a,bb2ef6b3-8909-44f0-be65-5f9dd3056f9a
pkg-cappm730x430x310l130x240-polygon-courtyard-density~b,355318bc-543e-4aff-9c13-b62660a55a25
pkg-cappm730x430x310l130x240-polygon-courtyard-density~c,c5d3ce73-6175-466b-a780-bbef422bd881
pkg-cappm730x430x310l130x240-polygon-outline-around-density~a,1566d0a9-8753-4a5e-a51c-e62044871874
pkg-cappm730x430x310l130x240-polygon-outline-around-density~b,5c237e02-2554-4710-9113-adf869a42007
pkg-cappm730x430x310l130x240-polygon-outline-around-density~c,aed5abf1-5018-4dc7-b3ba-3c47ea998e80
pkg-cappm730x430x310l130x240-polygon-outline-bot-density~a,5a4cf5bf-77b8-4f4f-a3a6-2145b674569f
pkg-cappm730x430x310l130x240-polygon-outline-bot-density~b,b494ee21-e6e8-493a-addb-5d5a65e9126a
pkg-cappm730x430x310l130x240-polygon-outline-bot-density~c,352a48b7-f805-4dba-b3aa-dd10b6b97e93
pkg-cappm730x430x310l130x240-polygon-outline-left-density~a,faa1fa53-6269-4bc9-a790-d3b3cb80c372
pkg-cappm730x430x310l130x240-polygon-outline-left-density~b,03141fb8-6a5b-4406-8822-e009e78246fa
pkg-cappm730x430x310l130x240-polygon-outline-left-density~c,11ea0b45-f4aa-463f-90e1-269cdc4c09d5
pkg-cappm730x430x310l130x240-polygon-outline-right-density~a,b0c6591a-a8ff-4686-bd99-84f2b3bde67c
pkg-cappm730x430x310l130x240-polygon-outline-right-density~b,f2dbf48a-8b0c-4025-8f68-a4c7439a8c03
pkg-cappm730x430x310l130x240-polygon-outline-right-density~c,69f9fed1-2ac1-4134-bc6d-e79962439e5c
pkg-cappm730x430x310l130x240-polygon-outline-top-density~a,63773a83-419b-41fe-9912-efd62cf464e6
pkg-cappm730x430x310l130x240-polygon-outline-top-density~b,5ed046f6-eb6f-451d-913d-1d7346c833ab
pkg-cappm730x430x310l130x240-polygon-outline-top-density~c,8007ccdb-5ef1-4018-bdb2-08237c7e67ee
pkg-cappm730x430x310l130x240-polygon-polarization-mark-density~a,947a8dcc-4879-4889-b267-bb7afa476f11
pkg-cappm730x430x310l130x240-polygon-polarization-mark-density~b,7ada90e3-df46-44c5-ad3e-e6419bffd397
pkg-cappm730x430x310l130x240-polygon-polarization-mark-density~c,ec76431c-447c-4d9a-9a0c-ca7197878a63
pkg-cappm730x430x310l130x240-text-name-density~a,f5c7e670-5764-4c5d-88ac-7f4182f80b46
pkg-cappm730x430x310l130x240-text-name-density~b,7782e12b-5650-4075-872c-948006e26d8f
pkg-cappm730x430x310l130x240-text-name-density~c,7706ca9c-0ec0-4795-8558-e83410b18378
pkg-cappm730x430x310l130x240-text-value-density~a,c2effc33-4841-45e8-82ca-351d3535b3da
pkg-cappm730x430x310l130x240-text-value-density~b,9e4bb110-ced3-4ada-b14b-084d05a6483a
pkg-cappm730x430x310l130x240-text-value-density~c,2d042d31-0505-428f-895f-159bf4f49b94
pkg-cappm730x430x430l130x240-footprint-density~a,5259ea68-dfad-4640-8b3e-3a7f04ebf5e9
pkg-cappm730x430x430l130x240-footprint-density~b,0ae22722-e7a0-428a-958e-84f781b4ead1
pkg-cappm730x430x430l130x240-footprint-density~c,23bb9fd4-e619-4f0e-86c9-2fa2c39ea2db
pkg-cappm730x430x430l130x240-line-silkscreen-bot-density~a,44c3729c-4a8f-4d4d-b0e0-109ddf38305d
pkg-cappm730x430x430l130x240-line-silkscreen-bot-density~b,93fed344-bb27-4c5a-b2f0-e3bc203e9356
pkg-cappm730x430x430l130x240-line-silkscreen-bot-density~c,769f417b-6e89-42b7-9ae4-f2400aec3e8e
pkg-cappm730x430x430l130x240-line-silkscreen-top-density~a,5227271f-ff3e-4b8e-ac81-616f18705280
pkg-cappm730x430x430l130x240-line-silkscreen-top-density~b,0ac61bc2-6398-402e-854b-d632b5f43489
pkg-cappm730x430x430l130x240-line-silkscreen-top-density~c,1fa76c8b-f132-4740-a10b-1d1f48b7e9d7
pkg-cappm730x430x430l130x240-pad-n,ebcd383f-56fd-4b24-83d1-dba0e7ee6c50
pkg-cappm730x430x430l130x240-pad-p,01f29f37-9fa2-4e9c-ba8b-38db9329fb52
pkg-cappm730x430x430l130x240-pkg,867c289f-beca-4112-a2ec-72e628b99b8c
pkg-cappm730x430x430l130x240-polygon-courtyard-density~a,39f8600b-eef7-4baf-b671-ba49c9ad6011
pkg-cappm730x430x430l130x240-polygon-courtyard-density~b,4179ab82-7770-4830-806d-39436b235ff2
pkg-cappm730x430x430l130x240-polygon-courtyard-density~c,554f3843-6261-4246-846f-75f659f28456
pkg-cappm730x430x430l130x240-polygon-outline-around-density~a,a2e8ba69-3dbb-4e52-9f3f-775dd0381837
pkg-cappm730x430x430l130x240-polygon-outline-around-density~b,39539994-6eab-4538-8dbe-7ba8ba2b0643
pkg-cappm730x430x430l130x240-polygon-outline-around-density~c,9067be3f-5c79-49f1-9a18-c011324a7720
pkg-cappm730x430x430l130x240-polygon-outline-bot-density~a,7e31c792-1fce-4bb3-ab61-479d16c0e577
pkg-cappm730x430x430l130x240-polygon-outline-bot-density~b,160bcd61-0c48-4538-a91c-5a63a3539691
pkg-cappm730x430x430l130x240-polygon-outline-bot-density~c,d6a9df32-d1e3-451a-a6c9-ca468c177a31
pkg-cappm730x430x430l130x240-polygon-outline-left-density~a,984da2b3-796e-45ea-988c-81470605c8cd
pkg-cappm730x430x430l130x240-polygon-outline-left-density~b,a6172635-c718-481d-8b63-77cdbe2f10fd
pkg-cappm730x430x430l130x240-polygon-outline-left-density~c,2b846bbc-028d-453d-90f4-263e3dbc44ed
pkg-cappm730x430x430l130x240-polygon-outline-right-density~a,1d8a03d5-11c6-4152-9670-b88fb83273b8
pkg-cappm730x430x430l130x240-polygon-outline-right-density~b,6dc3c4a5-47c8-431f-aba8-a6ac00c08f33
pkg-cappm730x430x430l130x240-polygon-outline-right-density~c,e6f313bc-76fb-42d3-b5c2-44ccc53d7553
pkg-cappm730x430x430l130x240-polygon-outline-top-density~a,db3afe30-e7a2-4682-ab5f-c6edb3073155
pkg-cappm730x430x430l130x240-polygon-outline-top-density~b,8d2b8b3c-e3b1-4adb-b670-0332f0f3a3bd
pkg-cappm730x430x430l130x240-polygon-outline-top-density~c,53fb188c-2b32-4460-ae5b-cde164611ea4
pkg-cappm730x430x430l130x240-polygon-polarization-mark-density~a,377a6960-f989-427b-9efa-376f127e4b7e
pkg-cappm730x430x430l130x240-polygon-polarization-mark-density~b,a007b6c6-ba16-4674-a150-ab23b3ed2add
pkg-cappm730x430x430l130x240-polygon-polarization-mark-density~c,70851653-5929-46db-adcf-6b74168ac849
pkg-cappm730x430x430l130x240-text-name-density~a,531e9879-d24d-41db-91c4-e985a1c7fb2f
pkg-cappm730x430x430l130x240-text-name-density~b,cd38ee4a-392f-49b3-8b72-d3d1b725305f
pkg-cappm730x430x430l130x240-text-name-density~c,cecc8457-70da-4786-b93e-c830a004ae1b
pkg-cappm730x430x430l130x240-text-value-density~a,720db91b-aa4c-43d2-bba7-6d3ed71ea57b
pkg-cappm730x430x430l130x240-text-value-density~b,6b1b1cb1-1272-45b3-b177-62c14383cd72
pkg-cappm730x430x430l130x240-text-value-density~c,ce76eee9-1189-4480-9d42-4529ea522a98
pkg-cappm730x600x380l130x410-footprint-density~a,fd28c915-566c-4554-8fae-90bebc2b2bec
pkg-cappm730x600x380l130x410-footprint-density~b,1edd5b4f-054b-43dd-aedb-fe48b7cc00f1
pkg-cappm730x600x380l130x410-footprint-density~c,e683133e-cdab-4fa9-93ac-9b0c958b7b2c
pkg-cappm730x600x380l130x410-line-silkscreen-bot-density~a,9f6ccd84-4831-4875-974f-3ac7571e6436
pkg-cappm730x600x380l130x410-line-silkscreen-bot-density~b,cdd1cd86-094d-47eb-af35-c5870fe6c1ed
pkg-cappm730x600x380l130x410-line-silkscreen-bot-density~c,3384c647-eb72-40ef-91bc-8c8862438f96
pkg-cappm730x600x380l130x410-line-silkscreen-top-density~a,348aac92-fb80-43b0-b858-c64bff3866f5
pkg-cappm730x600x380l130x410-line-silkscreen-top-density~b,91d36f56-210a-4793-a93e-cdf286f04e25
pkg-cappm730x600x380l130x410-line-silkscreen-top-density~c,2671d7cb-f8c4-4b8e-adfa-07cbf4633d4b
pkg-cappm730x600x380l130x410-pad-n,56587f46-5985-4b5b-9af0-6c848ec183df
pkg-cappm730x600x380l130x410-pad-p,49e5eaa3-01c9-4c20-bdb1-75293c52be3f
pkg-cappm730x600x380l130x410-pkg,a148dbd8-a72a-4571-8f7f-d6fa34dce7ef
pkg-cappm730x600x380l130x410-polygon-courtyard-density~a,ab632d53-67d1-4279-b6a0-35388e55e617
pkg-cappm730x600x380l130x410-polygon-courtyard-density~b,6a60cc94-58fc-43f4-8a53-c1822bde1550
pkg-cappm730x600x380l130x410-polygon-courtyard-density~c,d3fbbee1-b1a6-499f-980f-51b2fe2013d4
pkg-cappm730x600x380l130x410-polygon-outline-around-density~a,5c67de1c-b129-46da-acba-c22b0947f6b4
pkg-cappm730x600x380l130x410-polygon-outline-around-density~b,839548e9-1310-4e78-828f-d2699527c735
pkg-cappm730x600x380l130x410-polygon-outline-around-density~c,1d1e7961-42ff-4d7f-8e8c-84849599fd4b
pkg-cappm730x600x380l130x410-polygon-outline-bot-density~a,c01f4500-dcab-4c11-8041-43ddef086e75
pkg-cappm730x600x380l130x410-polygon-outline-bot-density~b,53b00314-39f1-43f5-a115-d39df7916d09
pkg-cappm730x600x380l130x410-polygon-outline-bot-density~c,5fdc4bc4-d3e7-454a-851b-6abff49d401f
pkg-cappm730x600x380l130x410-polygon-outline-left-density~a,c608e5fd-0ff3-42aa-b0ca-a297c2b598c2
pkg-cappm730x600x380l130x410-polygon-outline-left-density~b,ba3635e7-ac60-4553-a413-e38e30d8e5be
pkg-cappm730x600x380l130x410-polygon-outline-left-density~c,798ff848-09be-463a-96d8-cd45c31d7c0b
pkg-cappm730x600x380l130x410-polygon-outline-right-density~a,3669458c-77d1-451b-bbab-cd54b19a0598
pkg-cappm730x600x380l130x410-polygon-outline-right-density~b,e4c998ea-e086-48a0-a3db-27caed1ccfb5
pkg-cappm730x600x380l130x410-polygon-outline-right-density~c,3472143f-c838-4cec-a6bd-83d93b70226f
pkg-cappm730x600x380l130x410-polygon-outline-top-density~a,c7712aa3-8db1-4b0f-90a3-f7e253a1aa05
pkg-cappm730x600x380l130x410-polygon-outline-top-density~b,c5d42be3-a425-418c-8695-0dddf7fd99e7
pkg-cappm730x600x380l130x410-polygon-outline-top-density~c,fce39cf4-a21d-48d8-8fde-188c6f86fb33
pkg-cappm730x600x380l130x410-polygon-polarization-mark-density~a,0097c782-a155-49e9-9682-1cde5df6c997
pkg-cappm730x600x380l130x410-polygon-polarization-mark-density~b,4e2ee05d-f29a-4fff-910a-75e8d46bd668
pkg-cappm730x600x380l130x410-polygon-polarization-mark-density~c,9bfea36a-9675-42f0-b9d7-f9974a251c88
pkg-cappm730x600x380l130x410-text-name-density~a,634ac537-1e2d-40b8-9036-375898ef2d16
pkg-cappm730x600x380l130x410-text-name-density~b,2619a95e-ce78-4526-870d-dee6397fbbfe
pkg-cappm730x600x380l130x410-text-name-density~c,26eec489-c37c-4426-a709-14786bff89c9
pkg-cappm730x600x380l130x410-text-value-density~a,8751c57c-9249-4b2c-936c-2078247ba375
pkg-cappm730x600x380l130x410-text-value-density~b,d53356a9-57a1-4cb9-969f-6edd2ee5ac0f
pkg-cappm730x600x380l130x410-text-value-density~c,6bc50c55-6ef4-4c80-a4e3-036a82aff3ca
pkg-resc0402~(01005)-footprint-density~a,8c6d3f1c-f659-4df8-9c5f-e78b5276b216
pkg-resc0402~(01005)-footprint-density~b,6bc08ffc-d8b2-43c5-b927-6f24965a6fab
pkg-resc0402~(01005)-line-silkscreen-bot-density~a,1ee09437-a55d-4503-9097-6c7bfa138bce
pkg-resc0402~(01005)-line-silkscreen-bot-density~b,d880803c-d91e-4c63-abff-32e037210c4e
pkg-resc0402~(01005)-line-silkscreen-top-density~a,e89feda6-1dff-4f84-b55d-05e79789b05c
pkg-resc0402~(01005)-line-silkscreen-top-density~b,03ce147d-2c4b-4013-b0bb-31262bb0b8dc
pkg-resc0402~(01005)-pad-1,77e0011a-c500-474c-a0ef-31b67d18ecc4
pkg-resc0402~(01005)-pad-2,ad8f986c-6f3f-4b00-bf48-51e2ac24aa94
pkg-resc0402~(01005)-pkg,45b281e1-705a-4025-87e4-4ea4152d0a84
pkg-resc0402~(01005)-polygon-courtyard-density~a,27409fa2-47eb-47d7-9315-15c3fd5c00f7
pkg-resc0402~(01005)-polygon-courtyard-density~b,e7d889dd-9d2d-4a9f-84b1-eb4440a90f0f
pkg-resc0402~(01005)-polygon-outline-around-density~a,6150dfd7-76a8-4955-90db-31301a263429
pkg-resc0402~(01005)-polygon-outline-around-density~b,560de066-19c9-423a-b0ed-223ff7018610
pkg-resc0402~(01005)-polygon-outline-bot-density~a,cbe85760-417c-4877-8db1-3a1dbdbccd58
pkg-resc0402~(01005)-polygon-outline-bot-density~b,d9a0d691-fa6e-45c0-b025-393eb5b57309
pkg-resc0402~(01005)-polygon-outline-left-density~a,5fec235a-8ad1-41c8-9e90-3df398567df3
pkg-resc0402~(01005)-polygon-outline-left-density~b,fa40061e-6311-48b7-97fe-c4217ecf6109
pkg-resc0402~(01005)-polygon-outline-right-density~a,6140c8ae-dcd0-4bef-958e-9cbb4121e5ba
pkg-resc0402~(01005)-polygon-outline-right-density~b,c738402a-09b6-4925-aa35-98bfde496e63
pkg-resc0402~(01005)-polygon-outline-top-density~a,4b27a7b8-6cd7-4a53-928e-bb656a2a0af5
pkg-resc0402~(01005)-polygon-outline-top-density~b,21618fce-e2d9-46f3-9203-d9e67cd362b1
pkg-resc0402~(01005)-polygon-polarization-mark-density~a,412f047c-c7ee-440e-a0af-6d2763f207d2
pkg-resc0402~(01005)-polygon-polarization-mark-density~b,0e2b8245-bf28-43a0-8731-7a683eb6fcf2
pkg-resc0402~(01005)-text-name-density~a,654e8c62-d8f9-4797-8a1d-82230a577f8b
pkg-resc0402~(01005)-text-name-density~b,816289f0-dfcf-4d54-b0c9-c363b986e14c
pkg-resc0402~(01005)-text-value-density~a,a20d54fe-9179-41c0-8943-33e03c04bf8e
pkg-resc0402~(01005)-text-value-density~b,110c490c-bae8-468a-a4dc-eabe337a8d5c
pkg-resc0603~(0201)-footprint-density~a,3739bd6f-bbde-43c9-bda8-72b801569276
pkg-resc0603~(0201)-footprint-density~b,69f24f45-ec80-4153-ad0a-25db491e3b41
pkg-resc0603~(0201)-line-silkscreen-bot-density~a,c96a6411-912d-4531-975b-7cae0569290e
pkg-resc0603~(0201)-line-silkscreen-bot-density~b,499b87dd-d04f-4cfb-97cc-2f510915fc6d
pkg-resc0603~(0201)-line-silkscreen-top-density~a,8c46fc56-396f-43fc-abbb-21d7e5f5615c
pkg-resc0603~(0201)-line-silkscreen-top-density~b,6c4cae33-5730-403c-beea-980ae3c649c8
pkg-resc0603~(0201)-pad-1,cebb1d91-53a8-4afd-86a5-d3406ebf8942
pkg-resc0603~(0201)-pad-2,6a007f8c-985f-4d06-8e2e-6104b6008441
pkg-resc0603~(0201)-pkg,f6ef66e9-3d11-45e8-a9a7-49d5f281a4a7
pkg-resc0603~(0201)-polygon-courtyard-density~a,4a4462b1-3507-441a-8af4-c729e448101b
pkg-resc0603~(0201)-polygon-courtyard-density~b,aa36c14f-0ae6-4ff8-9196-1efe037f6a34
pkg-resc0603~(0201)-polygon-outline-around-density~a,bfc264ca-0b5f-444e-bca0-f5327ac50a64
pkg-resc0603~(0201)-polygon-outline-around-density~b,3b3bbb6c-f01e-46a7-b76e-2a515a287cb9
pkg-resc0603~(0201)-polygon-outline-bot-density~a,17355524-6c0e-4de2-bb96-ad86117f79ef
pkg-resc0603~(0201)-polygon-outline-bot-density~b,ae9bc5f6-40c0-4529-bef8-2e4749af1873
pkg-resc0603~(0201)-polygon-outline-left-density~a,89319c67-d0fc-4572-a33c-158c1b2dc193
pkg-resc0603~(0201)-polygon-outline-left-density~b,8df5daef-2909-434c-b066-930e531d6e4f
pkg-resc0603~(0201)-polygon-outline-right-density~a,eb22b8f9-fecd-4474-b309-190cff6e59e5
pkg-resc0603~(0201)-polygon-outline-right-density~b,6b4dfad9-732f-4c42-abd5-327d54909b2c
pkg-resc0603~(0201)-polygon-outline-top-density~a,65292f1c-d927-4844-ba06-3b8b712aed94
pkg-resc0603~(0201)-polygon-outline-top-density~b,de4b87a5-c7f8-46da-9bd5-613a743f88c0
pkg-resc0603~(0201)-polygon-polarization-mark-density~a,cad1ccc0-f037-481e-a405-0e14446e092d
pkg-resc0603~(0201)-polygon-polarization-mark-density~b,1bca3632-9df9-4747-a7ae-e0253d8192fb
pkg-resc0603~(0201)-text-name-density~a,b936ef8c-71a2-4f16-bebc-2286d034ac43
pkg-resc0603~(0201)-text-name-density~b,a34cf139-68f2-4e2f-b232-85582e2ec58a
pkg-resc0603~(0201)-text-value-density~a,dcfbd410-396c-45eb-a780-c29c1ebcca4f
pkg-resc0603~(0201)-text-value-density~b,6caff316-474e-4b70-b96f-1dc3e8c88e06
pkg-resc1005~(0402)-footprint-density~a,1abd2df7-4393-46bb-8aa5-fb7c23b2717e
pkg-resc1005~(0402)-footprint-density~b,244d2cbe-9562-46ad-a8d9-8b29e0a3c0cc
pkg-resc1005~(0402)-line-silkscreen-bot-density~a,6742f214-0b5d-48d2-a182-a8717be29006
pkg-resc1005~(0402)-line-silkscreen-bot-density~b,bc38011e-c972-48db-ae5b-af3137e68391
pkg-resc1005~(0402)-line-silkscreen-top-density~a,ec6f5822-3805-4d15-9b28-8683fecca773
pkg-resc1005~(0402)-line-silkscreen-top-density~b,70198cae-1ae0-483a-aedf-a880b6345995
pkg-resc1005~(0402)-pad-1,b902de1f-0ac6-47ae-8547-3f90d07c74e5
pkg-resc1005~(0402)-pad-2,a04c8cf2-f7a0-4542-9c3b-6ae9570bd59a
pkg-resc1005~(0402)-pkg,daab974e-29c4-4720-8501-ed1ee245291b
pkg-resc1005~(0402)-polygon-courtyard-density~a,6dfd8bf9-2966-4211-9b0e-e2f350f1cc9e
pkg-resc1005~(0402)-polygon-courtyard-density~b,ceceb914-8d36-45e6-8955-9c6927d27596
pkg-resc1005~(0402)-polygon-outline-around-density~a,61386b0e-0efd-4ee1-9bc2-8dca63f7f2b1
pkg-resc1005~(0402)-polygon-outline-around-density~b,43e59dee-7285-4c46-86bc-2670f974b1c0
pkg-resc1005~(0402)-polygon-outline-bot-density~a,605e4460-8052-472c-89ad-5e9f54e8c6c0
pkg-resc1005~(0402)-polygon-outline-bot-density~b,bf13a245-8594-4c80-b68f-ca5b37ad7647
pkg-resc1005~(0402)-polygon-outline-left-density~a,a2b6dd74-cfe2-405f-833c-c617e1b5a4a1
pkg-resc1005~(0402)-polygon-outline-left-density~b,ced845a0-c65f-4fe6-8b9a-908c3d31e5dd
pkg-resc1005~(0402)-polygon-outline-right-density~a,0f4652a7-1c89-444d-90ac-0e3f3d1b5620
pkg-resc1005~(0402)-polygon-outline-right-density~b,fe2d006f-b740-4643-8686-01c6d489e35c
pkg-resc1005~(0402)-polygon-outline-top-density~a,320ebfdd-af0a-4505-a4ca-f033dbdf3404
pkg-resc1005~(0402)-polygon-outline-top-density~b,729a27fa-94e0-41f9-9944-3b116af017d5
pkg-resc1005~(0402)-polygon-polarization-mark-density~a,41ac8145-c1e0-485e-8b90-265889bf203a
pkg-resc1005~(0402)-polygon-polarization-mark-density~b,40df27d4-d317-424e-91f9-9bca89676798
pkg-resc1005~(0402)-text-name-density~a,637a4a70-f61f-42cd-b153-ca8d0c2cb4ba
pkg-resc1005~(0402)-text-name-density~b,4a8fbb61-7d39-4aea-b728-4553fbf9d277
pkg-resc1005~(0402)-text-value-density~a,bb2ad320-2956-402f-968a-ac4e51ed6364
pkg-resc1005~(0402)-text-value-density~b,b8e78b85-e09a-42e6-a42a-0b4838511154
pkg-resc1608~(0603)-footprint-density~a,4fceac63-0f89-46c4-8e93-d6ee67d33e69
pkg-resc1608~(0603)-footprint-density~b,2a40ad27-1ab7-41ee-8f60-d70df83927a5
pkg-resc1608~(0603)-line-silkscreen-bot-density~a,09a8ba9d-b5a5-4a4a-83da-9905af60b356
pkg-resc1608~(0603)-line-silkscreen-bot-density~b,a93564e3-5945-430f-a442-ba2da0b14f7f
pkg-resc1608~(0603)-line-silkscreen-top-density~a,72ad8b08-9112-4422-8cb8-b2f4f8b8f5f3
pkg-resc1608~(0603)-line-silkscreen-top-density~b,b40cd9c4-416b-46bc-bace-e2d65db4ae45
pkg-resc1608~(0603)-pad-1,ad768910-1573-409f-81d4-d4c7692ab494
pkg-resc1608~(0603)-pad-2,65ab6c75-b264-4fed-b445-d3d98c956008
pkg-resc1608~(0603)-pkg,5d9abd1b-cf0b-4cf7-8666-20a1add9971e
pkg-resc1608~(0603)-polygon-courtyard-density~a,323f5974-64ed-4219-a57d-2a12068ae123
pkg-resc1608~(0603)-polygon-courtyard-density~b,8d41c43d-1f8e-4bbe-bfe2-b8f816b8957b
pkg-resc1608~(0603)-polygon-outline-around-density~a,80b787e7-2095-4f19-aea9-2531bb7d5208
pkg-resc1608~(0603)-polygon-outline-around-density~b,cb6850de-af72-48e3-8932-7a2d70baced4
pkg-resc1608~(0603)-polygon-outline-bot-density~a,959165dc-7d2a-4e2d-b5f0-c7df16836ef8
pkg-resc1608~(0603)-polygon-outline-bot-density~b,054a240b-3c07-4385-af01-d92b8727d12a
pkg-resc1608~(0603)-polygon-outline-left-density~a,f6b17a0d-46b8-4460-aac9-5f1eb2617f12
pkg-resc1608~(0603)-polygon-outline-left-density~b,61d980d5-7846-4bad-8d9c-c55025b65ac9
pkg-resc1608~(0603)-polygon-outline-right-density~a,c0e1aa5c-97e8-457d-bc60-b0f796955350
pkg-resc1608~(0603)-polygon-outline-right-density~b,42d928e5-a698-4e73-a2c3-daa18d9bcebc
pkg-resc1608~(0603)-polygon-outline-top-density~a,c9524d3e-1f1e-4c9d-a75c-0a8a7c5f1c8d
pkg-resc1608~(0603)-polygon-outline-top-density~b,0a2eedee-dd2a-466e-86f4-08012e5965fb
pkg-resc1608~(0603)-polygon-polarization-mark-density~a,df497aee-b1f9-4b3b-83c0-8049f3c889a8
pkg-resc1608~(0603)-polygon-polarization-mark-density~b,2e7099fd-34c6-4f7f-bb83-7e0c0eb80704
pkg-resc1608~(0603)-text-name-density~a,8e9560af-ad15-43c7-9089-5091c274409e
pkg-resc1608~(0603)-text-name-density~b,0523853e-390b-480d-80f0-22df28be1042
pkg-resc1608~(0603)-text-value-density~a,2908ba24-cc11-4fab-8a0c-3afad79255b9
pkg-resc1608~(0603)-text-value-density~b,fa5fb8d1-fd3c-41ba-a14a-dc3c97f890d7
pkg-resc2012~(0805)-footprint-density~a,75d2f5cb-4920-4f04-a83d-21bd28174f10
pkg-resc2012~(0805)-footprint-density~b,e8596efa-bd51-4063-87aa-a44fa5640576
pkg-resc2012~(0805)-line-silkscreen-bot-density~a,07710817-ff2b-4348-8cf3-50894f67725a
pkg-resc2012~(0805)-line-silkscreen-bot-density~b,aab9a377-d190-41e5-96e8-a713aa616493
pkg-resc2012~(0805)-line-silkscreen-top-density~a,7e4b7863-58d3-4718-aa4d-5a8a6ac6b97d
pkg-resc2012~(0805)-line-silkscreen-top-density~b,d2cbc4ed-54fa-4688-81a8-864bf307b91f
pkg-resc2012~(0805)-pad-1,af8c5acf-1aca-4567-90cf-1de3ecb6f642
pkg-resc2012~(0805)-pad-2,79ee45af-e972-4d1d-8866-88585eb544f9
pkg-resc2012~(0805)-pkg,2d00d07c-bfc1-4a96-a1cb-195c5ff93db9
pkg-resc2012~(0805)-polygon-courtyard-density~a,8f22eda1-280b-4f69-b3b5-850a71e9ddc7
pkg-resc2012~(0805)-polygon-courtyard-density~b,e73a126b-d0fe-4120-9400-d302fc8b754f
pkg-resc2012~(0805)-polygon-outline-around-density~a,02fe03ed-d53e-4c7a-9383-05ac4fb37db0
pkg-resc2012~(0805)-polygon-outline-around-density~b,d2db999c-f72c-4db3-9945-db03ddc0c782
pkg-resc2012~(0805)-polygon-outline-bot-density~a,2b254c56-5fd0-46b8-963d-ba712f9ef2bb
pkg-resc2012~(0805)-polygon-outline-bot-density~b,792c3100-3424-4e22-baaf-5b4b73fce5ac
pkg-resc2012~(0805)-polygon-outline-left-density~a,dd7a2ee4-68bd-4c72-8f34-dee0d0524834
pkg-resc2012~(0805)-polygon-outline-left-density~b,37b4838c-a7f8-451d-905e-3706384b4ddc
pkg-resc2012~(0805)-polygon-outline-right-density~a,5634e0e8-94df-409c-940b-4ffeba5a5c32
pkg-resc2012~(0805)-polygon-outline-right-density~b,1620c3bd-7491-4bcb-9887-6f614a3ce301
pkg-resc2012~(0805)-polygon-outline-top-density~a,26554d51-2893-4f23-b394-1cda53be3c25
pkg-resc2012~(0805)-polygon-outline-top-density~b,c646d954-1eff-45d5-8341-d1a963a6ba55
pkg-resc2012~(0805)-polygon-polarization-mark-density~a,165949c0-9e53-457d-80f6-09b640d61b81
pkg-resc2012~(0805)-polygon-polarization-mark-density~b,a4038ffc-8d93-46a3-b873-13ca5c808409
pkg-resc2012~(0805)-text-name-density~a,e72d97da-70f0-4595-b92d-2c67ab3eeac3
pkg-resc2012~(0805)-text-name-density~b,4950b973-32f3-4283-a608-5ba302ece963
pkg-resc2012~(0805)-text-value-density~a,ff99e004-056c-46d0-a157-acce83932e7f
pkg-resc2012~(0805)-text-value-density~b,bb6f494d-576b-4b13-b10c-fd0781c5b8c3
pkg-resc3216~(1206)-footprint-density~a,95e55ff1-3db6-46b2-8319-0d0a7420d15f
pkg-resc3216~(1206)-footprint-density~b,3983cdc8-617d-4016-b8ba-5bc3002994cb
pkg-resc3216~(1206)-line-silkscreen-bot-density~a,99dc95f0-c7a0-42cb-a1f5-2e4e2d5b0904
pkg-resc3216~(1206)-line-silkscreen-bot-density~b,e915dbe8-a663-44ae-b6d3-0c96bd9a2301
pkg-resc3216~(1206)-line-silkscreen-top-density~a,511048ee-c21d-4330-a41d-91169d5ecf61
pkg-resc3216~(1206)-line-silkscreen-top-density~b,02e75698-9a31-461c-ae7d-b09e4733c6c2
pkg-resc3216~(1206)-pad-1,32c77de5-94f0-4ac9-80da-4675d91d7916
pkg-resc3216~(1206)-pad-2,19d59886-4023-49c0-acbb-350b25cbe189
pkg-resc3216~(1206)-pkg,46e5d070-d597-4686-a100-02d3c17b3a5d
pkg-resc3216~(1206)-polygon-courtyard-density~a,81db7bb2-334d-4155-ac18-4e6372307239
pkg-resc3216~(1206)-polygon-courtyard-density~b,f10da0f0-a71d-493a-9772-61eb2e7078c5
pkg-resc3216~(1206)-polygon-outline-around-density~a,7a58cce3-33aa-47bc-bf83-c84195a99f43
pkg-resc3216~(1206)-polygon-outline-around-density~b,23fa7718-021d-4cd4-bc5d-d25290ea5d4a
pkg-resc3216~(1206)-polygon-outline-bot-density~a,c5247f60-22d2-49dd-a6ed-69182e92c93f
pkg-resc3216~(1206)-polygon-outline-bot-density~b,b7fea9ce-3ab1-4e3e-9cb2-1560c651c0cd
pkg-resc3216~(1206)-polygon-outline-left-density~a,f4825c53-ba23-4e00-817c-c336b7d70618
pkg-resc3216~(1206)-polygon-outline-left-density~b,0b02c9fa-d2bb-45d0-b5e0-6a633b4561b4
pkg-resc3216~(1206)-polygon-outline-right-density~a,fab5eb2b-ea10-42b9-863b-750ebcffb7b9
pkg-resc3216~(1206)-polygon-outline-right-density~b,15cabae1-1ff1-4a67-abe8-d9054cd95af1
pkg-resc3216~(1206)-polygon-outline-top-density~a,84165d03-631b-4ac6-b1d7-0630f26beb2f
pkg-resc3216~(1206)-polygon-outline-top-density~b,11666e6f-138e-44e3-9b55-b93f6b578fd0
pkg-resc3216~(1206)-polygon-polarization-mark-density~a,d7caddbb-b399-4a36-b724-7687de4e0a1f
pkg-resc3216~(1206)-polygon-polarization-mark-density~b,c6848867-0373-4bca-87d3-3e5d449e3a66
pkg-resc3216~(1206)-text-name-density~a,dc46cfac-cd12-45c0-af56-4bc565c8bcb0
pkg-resc3216~(1206)-text-name-density~b,49a0d0fc-aeb5-43ac-a7d9-a5d687ab224c
pkg-resc3216~(1206)-text-value-density~a,cbeaeee2-44a7-4a54-b1f1-bc74b9585cb7
pkg-resc3216~(1206)-text-value-density~b,a39099cd-ce19-488d-8e25-ba869e6e9fd5
pkg-resc3225~(1210)-footprint-density~a,bf5fe775-1694-4ab4-83f8-0981f878455e
pkg-resc3225~(1210)-footprint-density~b,f43318d6-cdaf-45c5-a8c6-2855083fa8fb
pkg-resc3225~(1210)-line-silkscreen-bot-density~a,00737d3c-57d4-4530-b0a1-9a5865318c71
pkg-resc3225~(1210)-line-silkscreen-bot-density~b,6c6a02b8-6f01-4560-b7fb-177ca19149b3
pkg-resc3225~(1210)-line-silkscreen-top-density~a,14c26f5f-6d85-4c35-9ed9-b572a46a708e
pkg-resc3225~(1210)-line-silkscreen-top-density~b,2cb22f0f-82e3-4303-87a6-9e1496db02ae
pkg-resc3225~(1210)-pad-1,fee6cdfa-64c7-4c54-aa18-d60717b18340
pkg-resc3225~(1210)-pad-2,5c0ac678-4266-4ee6-bf1b-4b213686b842
pkg-resc3225~(1210)-pkg,49655de8-c1b2-4a26-9974-635e34fbe593
pkg-resc3225~(1210)-polygon-courtyard-density~a,5914974d-d20d-4d0b-a049-c3d90a95dae6
pkg-resc3225~(1210)-polygon-courtyard-density~b,efb332f2-93ee-485f-9a3d-5b2051f88f5a
pkg-resc3225~(1210)-polygon-outline-around-density~a,27377fa5-932a-45af-ba09-dbcdfd120d28
pkg-resc3225~(1210)-polygon-outline-around-density~b,99b2ffd4-3e29-4d6d-bbc7-e974e29d6bae
pkg-resc3225~(1210)-polygon-outline-bot-density~a,ad3ccfbd-e373-4666-a3da-4b960de3887c
pkg-resc3225~(1210)-polygon-outline-bot-density~b,61491c52-9181-4828-ae4f-89e246e2dc6e
pkg-resc3225~(1210)-polygon-outline-left-density~a,1dbf062f-e253-430a-9ecf-070bb71dce1e
pkg-resc3225~(1210)-polygon-outline-left-density~b,f7f9a507-3829-4977-bdf9-7797f6d4d684
pkg-resc3225~(1210)-polygon-outline-right-density~a,6d1326f8-4f42-44fe-a801-a78b523a3f32
pkg-resc3225~(1210)-polygon-outline-right-density~b,bc21b861-454d-43ec-a2ea-8a689cdedbee
pkg-resc3225~(1210)-polygon-outline-top-density~a,59db1f9f-9553-4b3b-a9ac-1e80cac7622d
pkg-resc3225~(1210)-polygon-outline-top-density~b,5e965d66-9e00-41ef-bbd1-019cc28976bc
pkg-resc3225~(1210)-polygon-polarization-mark-density~a,0d09bb72-2a3a-420f-8483-46e0665b9c45
pkg-resc3225~(1210)-polygon-polarization-mark-density~b,28edfb5e-3ff5-480b-884c-a0200c905e09
pkg-resc3225~(1210)-text-name-density~a,7098d51d-705d-4714-8d82-ef1969f463a5
pkg-resc3225~(1210)-text-name-density~b,e0af076b-e3d0-4864-8e6f-16be85e9e2ca
pkg-resc3225~(1210)-text-value-density~a,cb3e9c1a-08d2-4ccc-885f-c7548854e681
pkg-resc3225~(1210)-text-value-density~b,de9e465b-4753-482a-8e0d-f03b6bba3379
pkg-resc3246~(1218)-footprint-density~a,3d38b934-b6be-439b-9a06-b4c359819908
pkg-resc3246~(1218)-footprint-density~b,6c06ffaf-bc52-4ef1-a5cf-e4941cb2a168
pkg-resc3246~(1218)-line-silkscreen-bot-density~a,65c30f1c-d81e-4952-9d66-0602f5401e22
pkg-resc3246~(1218)-line-silkscreen-bot-density~b,b5bbbca2-2b68-4aba-8632-33a996155f74
pkg-resc3246~(1218)-line-silkscreen-top-density~a,392ea922-a96e-4c5c-8dd8-0e28c85f8427
pkg-resc3246~(1218)-line-silkscreen-top-density~b,135a5b8b-7067-4e70-8718-7fb9d3a36b93
pkg-resc3246~(1218)-pad-1,89eedec9-5ff5-424d-a52e-d504c13a515c
pkg-resc3246~(1218)-pad-2,a2b76af6-4957-47ab-92be-1c65777f569b
pkg-resc3246~(1218)-pkg,c124ed69-55f1-4662-9068-efbc07d0b3f4
pkg-resc3246~(1218)-polygon-courtyard-density~a,4e3b1556-5452-43bf-9323-72922850ffd4
pkg-resc3246~(1218)-polygon-courtyard-density~b,1a1610c7-0301-4f15-8e1a-6d5129eadb47
pkg-resc3246~(1218)-polygon-outline-around-density~a,4a2e3fdb-5c75-4211-897c-f0409f4e5ded
pkg-resc3246~(1218)-polygon-outline-around-density~b,21e9076f-dc4d-4244-b929-9774921980a0
pkg-resc3246~(1218)-polygon-outline-bot-density~a,ec2b173b-517b-4131-b20a-094e25cdb64a
pkg-resc3246~(1218)-polygon-outline-bot-density~b,2b06c350-e4db-4bd8-b094-d54c76680ab6
pkg-resc3246~(1218)-polygon-outline-left-density~a,80b60f93-cdb2-4829-bbb3-ec09886309ee
pkg-resc3246~(1218)-polygon-outline-left-density~b,7c98d844-37a5-4d75-8b40-062afaec5a81
pkg-resc3246~(1218)-polygon-outline-right-density~a,273f30b3-1d36-4c85-9745-e99f37bcff5b
pkg-resc3246~(1218)-polygon-outline-right-density~b,5ab637ed-83bb-4fba-b81a-d2792492b0f5
pkg-resc3246~(1218)-polygon-outline-top-density~a,6c935a51-55cd-4497-b3fe-0f6a735c50f9
pkg-resc3246~(1218)-polygon-outline-top-density~b,47580bdc-88e2-476b-9964-a745c237e2ea
pkg-resc3246~(1218)-polygon-polarization-mark-density~a,70c2b3bb-ad0d-4476-9268-f6a1b88da281
pkg-resc3246~(1218)-polygon-polarization-mark-density~b,75d4a720-9623-4953-ab98-0fc9a3f1e3e7
pkg-resc3246~(1218)-text-name-density~a,58f0ffa3-2c9e-444e-a70b-667f25dda91b
pkg-resc3246~(1218)-text-name-density~b,9f28365f-27c6-4e5b-aca6-4145007d787a
pkg-resc3246~(1218)-text-value-density~a,0c918266-f8a7-4349-9db9-ed72fbb9526a
pkg-resc3246~(1218)-text-value-density~b,c79e2fd9-c259-4966-8ecf-b5f6e24f3b0e
pkg-resc5025~(2010)-footprint-density~a,2534ea27-83f7-4913-9c69-7918afec2203
pkg-resc5025~(2010)-footprint-density~b,1e6bb096-359c-4a87-b29a-8c100f9ee5f5
pkg-resc5025~(2010)-line-silkscreen-bot-density~a,414e1fb9-fb2b-457c-86d2-62cb2311a4b0
pkg-resc5025~(2010)-line-silkscreen-bot-density~b,983d37f7-4df1-4f79-be32-5bede9f3562e
pkg-resc5025~(2010)-line-silkscreen-top-density~a,1e007403-4c18-469c-8672-22daaadb2fbd
pkg-resc5025~(2010)-line-silkscreen-top-density~b,eec64a93-4655-4d93-b65b-e3d9f33e43ca
pkg-resc5025~(2010)-pad-1,23185bd8-a9bb-4f51-9d4f-0cc0ce214b19
pkg-resc5025~(2010)-pad-2,e5edd882-a6c1-4b1b-9459-c8af9932c112
pkg-resc5025~(2010)-pkg,410e053a-5533-4c13-b058-eab440add9a6
pkg-resc5025~(2010)-polygon-courtyard-density~a,1cea6c54-cd01-42ec-863a-8cf86d67876c
pkg-resc5025~(2010)-polygon-courtyard-density~b,7ef8bc30-100f-413c-aa3c-390d64c55c7a
pkg-resc5025~(2010)-polygon-outline-around-density~a,73236f42-47ce-4e1c-887d-038a089c4161
pkg-resc5025~(2010)-polygon-outline-around-density~b,5b505a3f-0538-47ac-8d33-59dff3ef724b
pkg-resc5025~(2010)-polygon-outline-bot-density~a,abf63fb7-86d0-4387-b716-60b0f9d6cbf6
pkg-resc5025~(2010)-polygon-outline-bot-density~b,b5130d57-af12-497b-968c-cadd59e0d40b
pkg-resc5025~(2010)-polygon-outline-left-density~a,2f3e080a-bde8-4bd6-b094-4a4076a1b8ff
pkg-resc5025~(2010)-polygon-outline-left-density~b,d202c1dc-6764-4569-a78b-e68630535d9d
pkg-resc5025~(2010)-polygon-outline-right-density~a,68010528-8539-4570-be2b-ee964bf9bffb
pkg-resc5025~(2010)-polygon-outline-right-density~b,617faa33-3ca4-4303-b410-d131b7d33132
pkg-resc5025~(2010)-polygon-outline-top-density~a,b5feab11-31fe-44f0-adec-3e468f84ffc5
pkg-resc5025~(2010)-polygon-outline-top-density~b,6ab085fa-32f1-417e-9a4f-4d65477bc07e
pkg-resc5025~(2010)-polygon-polarization-mark-density~a,59c62a5c-e7fe-4b81-a608-5af484d42ef4
pkg-resc5025~(2010)-polygon-polarization-mark-density~b,50a70328-e782-4901-9e82-4dbf1efcbd8b
pkg-resc5025~(2010)-text-name-density~a,31361b7f-3382-4d65-815b-c695b921f09b
pkg-resc5025~(2010)-text-name-density~b,b836798a-708a-454c-86e3-fadcb58f5c22
pkg-resc5025~(2010)-text-value-density~a,adec4047-3988-4cf9-bdba-f70cb880c2e0
pkg-resc5025~(2010)-text-value-density~b,b6b4849b-45d0-43ff-8520-4833e5f79057
pkg-resc6432~(2512)-footprint-density~a,433d3637-0943-436a-b1c6-cac0b226a050
pkg-resc6432~(2512)-footprint-density~b,dd258204-3f2c-47fb-bac6-1346f03fcd1a
pkg-resc6432~(2512)-line-silkscreen-bot-density~a,32d96587-c3dd-4825-a802-4e0ac3a66e5a
pkg-resc6432~(2512)-line-silkscreen-bot-density~b,4f5ff692-3a51-46c6-aa7d-c7233d4e76b0
pkg-resc6432~(2512)-line-silkscreen-top-density~a,56215103-a797-4f8b-a176-6fc128262fd6
pkg-resc6432~(2512)-line-silkscreen-top-density~b,ee1d069c-c0ed-49fe-aa40-34db14390eb9
pkg-resc6432~(2512)-pad-1,05a80f16-f9a4-41da-b1a8-941fe0f7ece2
pkg-resc6432~(2512)-pad-2,656f433c-382a-44a8-b85b-911ee3b514db
pkg-resc6432~(2512)-pkg,b365bcb7-8045-4470-ad52-fee3da8bd421
pkg-resc6432~(2512)-polygon-courtyard-density~a,a2e1b9cc-28dc-4395-ac9e-f13a669335f8
pkg-resc6432~(2512)-polygon-courtyard-density~b,f4f0e3ce-e23f-41d0-ace1-44af53e06f0c
pkg-resc6432~(2512)-polygon-outline-around-density~a,bc6e3c75-3ca8-4f87-ab72-e1e7e5fe6208
pkg-resc6432~(2512)-polygon-outline-around-density~b,90a562b8-6fe8-40f8-8f07-1bb0af551e3f
pkg-resc6432~(2512)-polygon-outline-bot-density~a,c23f6071-f4fe-4654-be8e-9b6e10f004a7
pkg-resc6432~(2512)-polygon-outline-bot-density~b,5084329b-579a-48a9-9bc7-88952af8db7b
pkg-resc6432~(2512)-polygon-outline-left-density~a,d8bec232-f83d-4625-ae47-18f0767e189e
pkg-resc6432~(2512)-polygon-outline-left-density~b,e3d58435-e930-498c-b6ca-0319f4dd2519
pkg-resc6432~(2512)-polygon-outline-right-density~a,64937b55-8e64-49eb-8378-fb5268e95b1e
pkg-resc6432~(2512)-polygon-outline-right-density~b,f15334fa-c7e1-44d4-a248-d21764977c75
pkg-resc6432~(2512)-polygon-outline-top-density~a,5315d100-b7c8-41bd-a782-0fefb0b4b2d2
pkg-resc6432~(2512)-polygon-outline-top-density~b,9292d07d-6ee4-4565-9713-87f4afa88ef3
pkg-resc6432~(2512)-polygon-polarization-mark-density~a,acc1c160-c72c-4bd6-af35-6f144bef9c4f
pkg-resc6432~(2512)-polygon-polarization-mark-density~b,150559c0-267d-4abb-bc29-3ce0d816ace4
pkg-resc6432~(2512)-text-name-density~a,d5dfa210-e02d-4fc7-a92e-54fa974dfcde
pkg-resc6432~(2512)-text-name-density~b,dfa7f4a2-6dfd-49cb-a004-4c38853a2899
pkg-resc6432~(2512)-text-value-density~a,1ec90d97-ae5e-40dd-ad0f-ef600ec68561
pkg-resc6432~(2512)-text-value-density~b,4c0b24c6-97ea-46e5-a5af-9d89208180fc
pkg-resj11569~(4527)-footprint-density~a,8e2c3a89-a999-49da-a765-c2d23c78e3a2
pkg-resj11569~(4527)-footprint-density~b,bf2accf1-2a5b-4664-bc77-120d4ea9e970
pkg-resj11569~(4527)-line-silkscreen-bot-density~a,a51b1614-7c0e-4a79-bdde-8cd401ade49d
pkg-resj11569~(4527)-line-silkscreen-bot-density~b,a41b0c17-e54b-4e96-9565-e76f12dc954a
pkg-resj11569~(4527)-line-silkscreen-top-density~a,770f58d5-7865-4235-9cf0-2fe92f6f49f1
pkg-resj11569~(4527)-line-silkscreen-top-density~b,67fd1c8b-7c2e-4dfa-8440-756d263854d4
pkg-resj11569~(4527)-pad-1,a10546c8-2806-4188-96bc-7e7400a3c02f
pkg-resj11569~(4527)-pad-2,cdae853b-def2-4b2b-b56c-a30c9ad336eb
pkg-resj11569~(4527)-pkg,1596e275-314e-4bde-a5b5-11ea19d9d6e8
pkg-resj11569~(4527)-polygon-courtyard-density~a,8ea71cb3-06fa-4a0b-9719-91fc83cd5942
pkg-resj11569~(4527)-polygon-courtyard-density~b,479f9371-0c18-4233-b9d4-82d7ff5dada1
pkg-resj11569~(4527)-polygon-outline-around-density~a,78f5455b-37a9-4fe0-8a48-336b75d958ca
pkg-resj11569~(4527)-polygon-outline-around-density~b,29dbe176-d68f-4ef3-ba2b-56e7d25d063b
pkg-resj11569~(4527)-polygon-outline-bot-density~a,6de1809d-c878-44b2-8d37-ddf111133da4
pkg-resj11569~(4527)-polygon-outline-bot-density~b,6118ccbc-19b8-479c-a642-e8945747619e
pkg-resj11569~(4527)-polygon-outline-left-density~a,01147866-3cf9-420a-a12f-f4ededbc6ed8
pkg-resj11569~(4527)-polygon-outline-left-density~b,d40a977d-eba8-4265-9fc3-95a1074112fa
pkg-resj11569~(4527)-polygon-outline-right-density~a,a2a952e7-8a28-46c3-a058-b1573e61e9b0
pkg-resj11569~(4527)-polygon-outline-right-density~b,ee758768-7c4e-4c1b-b053-d603d9c17bac
pkg-resj11569~(4527)-polygon-outline-top-density~a,07868d85-ce7e-4c90-a873-38d6f85b07dd
pkg-resj11569~(4527)-polygon-outline-top-density~b,8007772e-e7da-4810-aceb-ba058c6e6564
pkg-resj11569~(4527)-polygon-polarization-mark-density~a,bceaa87d-79fd-484c-8d65-51bc968b7ae8
pkg-resj11569~(4527)-polygon-polarization-mark-density~b,8dd2290d-0036-4b48-b90c-1f8526a43c7b
pkg-resj11569~(4527)-text-name-density~a,6c3385ba-a156-4faf-a882-90620f1a3e2d
pkg-resj11569~(4527)-text-name-density~b,3c8a0bdf-d887-4b34-be1f-894f01440afc
pkg-resj11569~(4527)-text-value-density~a,acbebc0b-57d8-4a0c-b9c8-57b6e7d603dd
pkg-resj11569~(4527)-text-value-density~b,23fdb5ba-e441-445a-9ab3-95f035356501
