dev-dmc2020usd-dev,ac0bf08c-5d4c-4a58-9c6f-1ad9128b5407
dev-dmc2053uvt-dev,bdbfe67c-cccd-4005-9a29-68bf11c8ea3a
dev-dmc2057uvt-dev,87e9990d-1914-4b2e-bf1e-479fb768ddf8
dev-dmc3016lsd-dev,789ab859-ded4-4b6b-905f-39ccd6703dba
dev-dmc3021lsd[q]-dev,5cbf1962-b43d-43f1-a298-37751669fcf9
dev-dmc3025lsd[q]-dev,405d5aed-7789-4816-a384-41a693c6dd13
dev-dmc3028lsd[q[x]]-dev,4c696850-5370-4259-9349-b8a4aab5d82d
dev-dmc3032lsd-dev,efa1fe65-4703-4deb-82c4-322e1f50966d
dev-dmc3071lvt-dev,3fb84ce0-605c-4dc6-a2c6-a85a1441f5da
dev-dmc3730uvt-dev,6b131f3f-6ad6-412a-a4b3-b50d206b895b
dev-dmc4015ssd-dev,4081fbdd-08b4-4abb-8ee2-7c450d4d4c8b
dev-dmc4028ssd-dev,467cd3ea-cc2d-45f4-a070-09a3ecd62dd0
dev-dmc4029ssd-dev,da6e628f-284f-4efc-bd87-750e455de1bb
dev-dmc4040ssd[q]-dev,28dba28b-8b83-49fd-b8d6-268d513bc0e6
dev-dmc4047lsd-dev,847a1e94-579f-4929-bd94-3d9cd3b74c22
dev-dmc4050ssd[q]-dev,47cc3d7c-5e79-454e-8905-9871d301616f
dev-dmc6040ssd[q]-dev,5503ff89-4fe9-4c5d-af3a-e8b725f12963
dev-dmg6601lvt-dev,49ecd8d7-13df-43d1-8c77-861a392fd3c9
dev-dmg6602svtq-dev,72ea5fcb-c137-460d-8d3a-60e931dd72ed
