cmpcat-ice40-hx1k-cb132-cmpcat,c3dfb625-e6e4-46c1-a1df-d14eeecfc965
cmpcat-ice40-hx1k-tq144-cmpcat,c3dfb625-e6e4-46c1-a1df-d14eeecfc965
cmpcat-ice40-hx1k-vq100-cmpcat,c3dfb625-e6e4-46c1-a1df-d14eeecfc965
cmpcat-ice40-hx4k-bg121-cmpcat,c3dfb625-e6e4-46c1-a1df-d14eeecfc965
cmpcat-ice40-hx4k-cb132-cmpcat,c3dfb625-e6e4-46c1-a1df-d14eeecfc965
cmpcat-ice40-hx4k-tq144-cmpcat,c3dfb625-e6e4-46c1-a1df-d14eeecfc965
cmpcat-ice40-hx8k-bg121-cmpcat,c3dfb625-e6e4-46c1-a1df-d14eeecfc965
cmpcat-ice40-hx8k-cb132-cmpcat,c3dfb625-e6e4-46c1-a1df-d14eeecfc965
cmpcat-ice40-hx8k-cm225-cmpcat,c3dfb625-e6e4-46c1-a1df-d14eeecfc965
cmpcat-ice40-hx8k-ct256-cmpcat,c3dfb625-e6e4-46c1-a1df-d14eeecfc965
cmpcat-ice40-lp1k-cb121-cmpcat,c3dfb625-e6e4-46c1-a1df-d14eeecfc965
cmpcat-ice40-lp1k-cb81-cmpcat,c3dfb625-e6e4-46c1-a1df-d14eeecfc965
cmpcat-ice40-lp1k-cm121-cmpcat,c3dfb625-e6e4-46c1-a1df-d14eeecfc965
cmpcat-ice40-lp1k-cm36-cmpcat,c3dfb625-e6e4-46c1-a1df-d14eeecfc965
cmpcat-ice40-lp1k-cm49-cmpcat,c3dfb625-e6e4-46c1-a1df-d14eeecfc965
cmpcat-ice40-lp1k-cm81-cmpcat,c3dfb625-e6e4-46c1-a1df-d14eeecfc965
cmpcat-ice40-lp1k-qn84-cmpcat,c3dfb625-e6e4-46c1-a1df-d14eeecfc965
cmpcat-ice40-lp1k-swg16tr-cmpcat,c3dfb625-e6e4-46c1-a1df-d14eeecfc965
cmpcat-ice40-lp384-cm36-cmpcat,c3dfb625-e6e4-46c1-a1df-d14eeecfc965
cmpcat-ice40-lp384-cm49-cmpcat,c3dfb625-e6e4-46c1-a1df-d14eeecfc965
cmpcat-ice40-lp384-qn32-cmpcat,c3dfb625-e6e4-46c1-a1df-d14eeecfc965
cmpcat-ice40-lp4k-cm121-cmpcat,c3dfb625-e6e4-46c1-a1df-d14eeecfc965
cmpcat-ice40-lp4k-cm225-cmpcat,c3dfb625-e6e4-46c1-a1df-d14eeecfc965
cmpcat-ice40-lp4k-cm81-cmpcat,c3dfb625-e6e4-46c1-a1df-d14eeecfc965
cmpcat-ice40-lp8k-cm121-cmpcat,c3dfb625-e6e4-46c1-a1df-d14eeecfc965
cmpcat-ice40-lp8k-cm225-cmpcat,c3dfb625-e6e4-46c1-a1df-d14eeecfc965
cmpcat-ice40-lp8k-cm81-cmpcat,c3dfb625-e6e4-46c1-a1df-d14eeecfc965
cmpcat-ice40-up3k-uwg30-cmpcat,c3dfb625-e6e4-46c1-a1df-d14eeecfc965
cmpcat-ice40-up5k-sg48-cmpcat,c3dfb625-e6e4-46c1-a1df-d14eeecfc965
cmpcat-ice40-up5k-uwg30-cmpcat,c3dfb625-e6e4-46c1-a1df-d14eeecfc965
