dev-d10.0-h12.5-p5.0-w0.6-dev,61638d39-3132-48ac-9b13-5bc55f6fde54
dev-d10.0-h16.0-p5.0-w0.6-dev,fc557239-9f2e-4783-8777-0901c8db4e3c
dev-d10.0-h20.0-p5.0-w0.6-dev,0ae8ee60-3ae7-4c18-8c83-4fc5a95ba975
dev-d12.5-h20.0-p5.0-w0.8-dev,6a76fc34-d5cf-42c8-b17e-030110097721
dev-d12.5-h25.0-p5.0-w0.8-dev,3d4b443a-8cfa-4940-bf17-eeb49c7b8a57
dev-d16.0-h25.0-p7.5-w0.8-dev,238f89b0-a52d-4e52-adf9-2faf595ae492
dev-d16.0-h31.5-p7.5-w0.8-dev,aa57914f-7a73-4393-9b7c-114174927469
dev-d18.0-h35.5-p7.5-w0.8-dev,0b1d13b7-23f9-4d14-9da3-2e4df1347682
dev-d3.0-h5.0-p1.0-w0.4-dev,2127de78-83f7-478d-b76b-e24ce0ef8ca3
dev-d4.0-h11.0-p1.5-w0.45-dev,c6ed996a-cd9a-4f47-9d0e-64d53d411b7a
dev-d4.0-h5.0-p1.5-w0.45-dev,aef46315-d199-4a31-90ca-0c41bcca3c2f
dev-d4.0-h7.0-p1.5-w0.45-dev,1b1ffd3f-9936-442a-aeec-2b5fb91973c7
dev-d5.0-h11.0-p2.0-w0.5-dev,c73ebe0d-a8eb-41ca-a1d4-aacc8d061afe
dev-d5.0-h5.0-p2.0-w0.5-dev,85f42ea9-d45b-48ed-8a77-73e6cdfd7491
dev-d5.0-h7.0-p2.0-w0.5-dev,5367ea13-ca04-4f05-8d90-7ee4f23e8c65
dev-d6.3-h11.0-p2.5-w0.5-dev,d562e240-5f9a-497b-acd0-00c830abd7f4
dev-d6.3-h5.0-p2.5-w0.5-dev,7ab2c481-4371-4064-a089-609596085821
dev-d6.3-h7.0-p2.5-w0.5-dev,99351a67-0fa7-40b1-a034-56da111e056a
dev-d8.0-h11.5-p3.5-w0.6-dev,168f4978-a6b6-4b5d-964d-be6733328650
dev-d8.0-h5.0-p2.5-w0.6-dev,0107bccf-17c5-47ac-ae7a-75b057ba0a66
dev-d8.0-h7.0-p3.5-w0.6-dev,4353b100-937f-4c82-be90-62f4b632ab8b
pkg-d10.0-h12.5-p5.0-w0.6-default-circle-courtyard,2cb554b4-514b-484c-a28f-db30b969b0ae
pkg-d10.0-h12.5-p5.0-w0.6-default-circle-documentation,c847a4ae-3644-47b4-8cac-a121c237e1a0
pkg-d10.0-h12.5-p5.0-w0.6-default-circle-placement,0ddf7d33-05b8-4f03-bc30-1ac3084b299f
pkg-d10.0-h12.5-p5.0-w0.6-default-footprint,93b59369-3614-47a1-b4a4-93ddf17cbe8f
pkg-d10.0-h12.5-p5.0-w0.6-default-polygon-documentation-fill,eaa0b1ca-b539-476a-a0dc-c4d13560a383
pkg-d10.0-h12.5-p5.0-w0.6-default-polygon-placement-fill,d469eb80-0b15-418d-84c6-871a29fac29d
pkg-d10.0-h12.5-p5.0-w0.6-default-text-name,17e11eb5-ee0d-4589-bb74-4624051c884e
pkg-d10.0-h12.5-p5.0-w0.6-default-text-value,64b9a447-c6e5-432a-9a0b-cefcaecb2440
pkg-d10.0-h12.5-p5.0-w0.6-pad-minus,e5c0f266-5dfe-49d7-997c-402637a7a674
pkg-d10.0-h12.5-p5.0-w0.6-pad-plus,71ad34a2-36b1-4295-9a41-90ee17a6d96a
pkg-d10.0-h12.5-p5.0-w0.6-pkg,10994512-62cf-4260-8b6f-72a837bd5e70
pkg-d10.0-h16.0-p5.0-w0.6-default-circle-courtyard,67a89437-07eb-4b0a-b6f6-e684183a9b76
pkg-d10.0-h16.0-p5.0-w0.6-default-circle-documentation,7acfc1cf-9d9b-4b70-8e3c-201a2f7aeae1
pkg-d10.0-h16.0-p5.0-w0.6-default-circle-placement,8b823fd0-14cb-4762-a23b-6a410bbdf240
pkg-d10.0-h16.0-p5.0-w0.6-default-footprint,862c6a7b-669f-4c5a-a9ba-26dfc691ed25
pkg-d10.0-h16.0-p5.0-w0.6-default-polygon-documentation-fill,f24249d9-65ca-46d6-972d-628c315e5a70
pkg-d10.0-h16.0-p5.0-w0.6-default-polygon-placement-fill,e3b63e98-8f06-4e15-ab9f-5a39f545d481
pkg-d10.0-h16.0-p5.0-w0.6-default-text-name,f9882602-498d-4514-bdfe-0090a152f5b0
pkg-d10.0-h16.0-p5.0-w0.6-default-text-value,5364ea52-b24e-42ec-bc5a-c7f5ebe46f2f
pkg-d10.0-h16.0-p5.0-w0.6-pad-minus,ea26f19f-e453-4e6f-982f-5af58c9b3676
pkg-d10.0-h16.0-p5.0-w0.6-pad-plus,86b53ab1-d7ca-48cd-9c94-7b5617797827
pkg-d10.0-h16.0-p5.0-w0.6-pkg,5bdd8800-1807-42f6-8306-bc93d701e4a7
pkg-d10.0-h20.0-p5.0-w0.6-default-circle-courtyard,60549428-98a7-40c5-938f-40adb1e887d2
pkg-d10.0-h20.0-p5.0-w0.6-default-circle-documentation,59ce4d64-2cba-48e5-b240-12c38b0824e5
pkg-d10.0-h20.0-p5.0-w0.6-default-circle-placement,1c122f1e-efc4-4623-bc94-672ed2cfcf1d
pkg-d10.0-h20.0-p5.0-w0.6-default-footprint,0fb871da-27cc-426f-a0ee-25e1031ec638
pkg-d10.0-h20.0-p5.0-w0.6-default-polygon-documentation-fill,91166aec-b8b0-416d-a178-73d6caee9a7e
pkg-d10.0-h20.0-p5.0-w0.6-default-polygon-placement-fill,d97b2da5-ac6b-44fb-97ed-e550549151a1
pkg-d10.0-h20.0-p5.0-w0.6-default-text-name,2eedf6c0-91d3-4937-9c56-38568fee44a9
pkg-d10.0-h20.0-p5.0-w0.6-default-text-value,7917b8c8-58fb-4c9c-a663-7bc14448a184
pkg-d10.0-h20.0-p5.0-w0.6-pad-minus,d76a7466-6197-4d4a-b153-5dca2a0f5b47
pkg-d10.0-h20.0-p5.0-w0.6-pad-plus,9b074857-41a9-4b8b-9548-0c7b40879952
pkg-d10.0-h20.0-p5.0-w0.6-pkg,638ea9cf-bce2-49ba-be7d-22c223e37bfd
pkg-d12.5-h20.0-p5.0-w0.8-default-circle-courtyard,90aa09d1-57ff-4b62-bc5f-dcb1bf086f28
pkg-d12.5-h20.0-p5.0-w0.8-default-circle-documentation,f7868dc1-2d6b-45c4-8672-20c0b51ef55d
pkg-d12.5-h20.0-p5.0-w0.8-default-circle-placement,ce033ba5-4ce8-4d55-be22-382210d90a92
pkg-d12.5-h20.0-p5.0-w0.8-default-footprint,dd6ce1b6-0703-4402-a533-2aa4e5215798
pkg-d12.5-h20.0-p5.0-w0.8-default-polygon-documentation-fill,7371fbca-7d84-4523-bab1-4d7b3b328ba6
pkg-d12.5-h20.0-p5.0-w0.8-default-polygon-placement-fill,c6e4a47e-fc07-4d46-a7d3-df245db9a6e1
pkg-d12.5-h20.0-p5.0-w0.8-default-text-name,2a72d133-d8aa-4fec-9238-44539982a27b
pkg-d12.5-h20.0-p5.0-w0.8-default-text-value,cd95fea0-abd1-448e-a04c-43e7461ab176
pkg-d12.5-h20.0-p5.0-w0.8-pad-minus,18c4e8a8-367e-4687-9ef0-7f520dadc7f2
pkg-d12.5-h20.0-p5.0-w0.8-pad-plus,164a6e8b-e245-49a5-bf9d-a72f407a5ebf
pkg-d12.5-h20.0-p5.0-w0.8-pkg,7a2bb0cb-c4b3-4568-93ac-383c099309a5
pkg-d12.5-h25.0-p5.0-w0.8-default-circle-courtyard,5f1adc29-1fc6-4c31-97e5-02600d8441d8
pkg-d12.5-h25.0-p5.0-w0.8-default-circle-documentation,124fa50e-9d95-452c-9165-953c0c006f91
pkg-d12.5-h25.0-p5.0-w0.8-default-circle-placement,862a22dd-c01e-4a2b-a99c-b8c40b86abca
pkg-d12.5-h25.0-p5.0-w0.8-default-footprint,ffecfae9-aa7a-4be8-a2a0-e92d4501a838
pkg-d12.5-h25.0-p5.0-w0.8-default-polygon-documentation-fill,faeaf6cd-90ee-4180-a192-0c6953ca7d11
pkg-d12.5-h25.0-p5.0-w0.8-default-polygon-placement-fill,f80dc77d-7f91-42af-890d-493bd720b361
pkg-d12.5-h25.0-p5.0-w0.8-default-text-name,3cfa041f-d685-4497-82ff-729cf4e897c6
pkg-d12.5-h25.0-p5.0-w0.8-default-text-value,53d1c1c2-fff1-4b09-9927-547e6fb4df09
pkg-d12.5-h25.0-p5.0-w0.8-pad-minus,76f76ade-6d3d-450a-8d7d-22199f0d644a
pkg-d12.5-h25.0-p5.0-w0.8-pad-plus,855fe1bc-5f38-4aa5-a160-b268b676446e
pkg-d12.5-h25.0-p5.0-w0.8-pkg,1ceb1564-3f56-4c42-bcf4-3981ad83b76a
pkg-d16.0-h25.0-p7.5-w0.8-default-circle-courtyard,8b3ea12a-993e-457c-81f6-844fdd4c1409
pkg-d16.0-h25.0-p7.5-w0.8-default-circle-documentation,3b1d27ed-7500-46ba-9ce6-4a3e8d7d7059
pkg-d16.0-h25.0-p7.5-w0.8-default-circle-placement,b35ba568-534a-4714-8cf4-738e44f33d8f
pkg-d16.0-h25.0-p7.5-w0.8-default-footprint,622e1d5a-ca2b-473d-aeda-5454391d4fe1
pkg-d16.0-h25.0-p7.5-w0.8-default-polygon-documentation-fill,71ba4bd1-fbac-4a0c-a992-59e98f80cbeb
pkg-d16.0-h25.0-p7.5-w0.8-default-polygon-placement-fill,0a36766b-c96e-48c1-9182-40644b723d72
pkg-d16.0-h25.0-p7.5-w0.8-default-text-name,5fd3eea0-ec22-4adb-8ad2-ca9d080440b0
pkg-d16.0-h25.0-p7.5-w0.8-default-text-value,c19b2cd7-5aef-4a4e-82e7-b231ce1ed651
pkg-d16.0-h25.0-p7.5-w0.8-pad-minus,0d723fe0-1930-4526-bc1d-57d471ad566b
pkg-d16.0-h25.0-p7.5-w0.8-pad-plus,b63702bb-7fd2-44ce-8c0c-5304f33246a7
pkg-d16.0-h25.0-p7.5-w0.8-pkg,bbbf14d5-f359-491f-81fd-eedfeebe68a7
pkg-d16.0-h31.5-p7.5-w0.8-default-circle-courtyard,5def97e3-f1e2-4695-9756-f2de6639d279
pkg-d16.0-h31.5-p7.5-w0.8-default-circle-documentation,e1961bd9-e7ab-4c44-8a46-e70fea499368
pkg-d16.0-h31.5-p7.5-w0.8-default-circle-placement,55350686-2c29-4ca9-987b-7d63b418fce3
pkg-d16.0-h31.5-p7.5-w0.8-default-footprint,7012b1f6-1066-4b02-ba73-9490670f0549
pkg-d16.0-h31.5-p7.5-w0.8-default-polygon-documentation-fill,14e8182f-2a63-4af3-8f2f-196969c30833
pkg-d16.0-h31.5-p7.5-w0.8-default-polygon-placement-fill,aad57cc5-2cc4-4863-9d90-2a3c7e8c708a
pkg-d16.0-h31.5-p7.5-w0.8-default-text-name,742c9cda-acf9-48a7-94ad-37934a2dd6d2
pkg-d16.0-h31.5-p7.5-w0.8-default-text-value,dd6cdf37-d338-4956-9325-871cbe9899c7
pkg-d16.0-h31.5-p7.5-w0.8-pad-minus,9a108590-da20-4ec4-9b55-51c3558ef12e
pkg-d16.0-h31.5-p7.5-w0.8-pad-plus,2d798396-8284-4a07-8dfc-b795de3af9df
pkg-d16.0-h31.5-p7.5-w0.8-pkg,a83ebf1e-9607-4fde-a5fe-77202cacb4c4
pkg-d18.0-h35.5-p7.5-w0.8-default-circle-courtyard,92f3d3a6-acf7-40e3-806b-ac778cc706f2
pkg-d18.0-h35.5-p7.5-w0.8-default-circle-documentation,afbf9355-f66b-45af-bbba-b81707731a91
pkg-d18.0-h35.5-p7.5-w0.8-default-circle-placement,4878a611-1e9a-4fad-bdef-3f16f8e45df4
pkg-d18.0-h35.5-p7.5-w0.8-default-footprint,31fb9806-d641-4bfe-a2e8-3e425c9abd75
pkg-d18.0-h35.5-p7.5-w0.8-default-polygon-documentation-fill,b5a8dfee-7591-41f5-ba49-b31943178565
pkg-d18.0-h35.5-p7.5-w0.8-default-polygon-placement-fill,72ad525d-3cc0-4a80-98f4-fb8177ba3c82
pkg-d18.0-h35.5-p7.5-w0.8-default-text-name,a03f0d70-5c56-4176-bcec-3fa531d1b773
pkg-d18.0-h35.5-p7.5-w0.8-default-text-value,16d8ff86-9f6e-4335-9133-18d945396ccf
pkg-d18.0-h35.5-p7.5-w0.8-pad-minus,08d19758-8a29-4a84-9af2-a9eb95cb6321
pkg-d18.0-h35.5-p7.5-w0.8-pad-plus,e68691bc-b9e1-4737-872d-728170ea5fb5
pkg-d18.0-h35.5-p7.5-w0.8-pkg,8f12c93c-4d09-40d8-a800-f227b08aa220
pkg-d3.0-h5.0-p1.0-w0.4-default-circle-courtyard,2c81b9e6-247c-4adc-a8b9-286726754e4d
pkg-d3.0-h5.0-p1.0-w0.4-default-circle-documentation,438671cd-79b0-46ae-9e63-00d1c1574c13
pkg-d3.0-h5.0-p1.0-w0.4-default-circle-placement,ca293619-0072-407e-b1ca-d5b32ea0191b
pkg-d3.0-h5.0-p1.0-w0.4-default-footprint,b4a7fb2b-3366-4562-a0c0-2bc132af644d
pkg-d3.0-h5.0-p1.0-w0.4-default-polygon-documentation-fill,ae319c57-69c7-49be-8db1-d0c4970b6b57
pkg-d3.0-h5.0-p1.0-w0.4-default-polygon-placement-fill,09b668b3-562d-4326-9733-f1e15befb602
pkg-d3.0-h5.0-p1.0-w0.4-default-text-name,e9ff689a-b27d-4952-b8f4-5cc0970aea67
pkg-d3.0-h5.0-p1.0-w0.4-default-text-value,a0a7791f-d4b2-4375-b941-ce6fe30fb959
pkg-d3.0-h5.0-p1.0-w0.4-pad-minus,f28aa1ac-8825-41dc-bc73-15fd94d8618b
pkg-d3.0-h5.0-p1.0-w0.4-pad-plus,33d1c7b1-e777-493d-9f76-79c24ff06729
pkg-d3.0-h5.0-p1.0-w0.4-pkg,4307560c-5055-48fd-88e6-36f8c4fa91bf
pkg-d4.0-h11.0-p1.5-w0.45-default-circle-courtyard,25506499-c026-4cb9-b006-1ba677c21958
pkg-d4.0-h11.0-p1.5-w0.45-default-circle-documentation,3deb5ddb-3d39-4bff-a01f-b5f239ecad4a
pkg-d4.0-h11.0-p1.5-w0.45-default-circle-placement,6c986855-1784-491b-b7a4-479a7e40ed08
pkg-d4.0-h11.0-p1.5-w0.45-default-footprint,e390537d-43c1-4f50-8cb6-35203461e711
pkg-d4.0-h11.0-p1.5-w0.45-default-polygon-documentation-fill,dfcffd42-4856-46f4-86ca-385de3a36a33
pkg-d4.0-h11.0-p1.5-w0.45-default-polygon-placement-fill,64bcd325-1a29-481a-89cd-7c26bb19f422
pkg-d4.0-h11.0-p1.5-w0.45-default-text-name,ea77f866-4a0b-407e-8701-b2a0bfd34fe4
pkg-d4.0-h11.0-p1.5-w0.45-default-text-value,cf0b2cfa-4af6-4454-8b18-9b40a6e5d176
pkg-d4.0-h11.0-p1.5-w0.45-pad-minus,62af1013-f4b3-4daa-b926-585c87c9c7d3
pkg-d4.0-h11.0-p1.5-w0.45-pad-plus,7f48ef5f-c789-4aa3-b1ad-c75afeaf75b5
pkg-d4.0-h11.0-p1.5-w0.45-pkg,a522889a-d2af-43ab-8a13-850f1742e434
pkg-d4.0-h5.0-p1.5-w0.45-default-circle-courtyard,3397a3e8-0bba-44e8-9d22-c645d7da6e01
pkg-d4.0-h5.0-p1.5-w0.45-default-circle-documentation,468a7601-ad82-401f-9627-78d7a3b759fc
pkg-d4.0-h5.0-p1.5-w0.45-default-circle-placement,2c654bc2-2c34-4a3e-9630-5ad9e4f2f6d7
pkg-d4.0-h5.0-p1.5-w0.45-default-footprint,2866452f-a7fa-48c6-a377-95bd10b337fe
pkg-d4.0-h5.0-p1.5-w0.45-default-polygon-documentation-fill,e2e52d9d-979f-40a8-bf8e-86c493a8b35c
pkg-d4.0-h5.0-p1.5-w0.45-default-polygon-placement-fill,118ebed5-c90d-486c-9202-a729d3c56ba1
pkg-d4.0-h5.0-p1.5-w0.45-default-text-name,cc424aaa-eb3a-4159-a868-7340503b6346
pkg-d4.0-h5.0-p1.5-w0.45-default-text-value,3259b3f9-860a-4a0f-82df-61f6100ad14f
pkg-d4.0-h5.0-p1.5-w0.45-pad-minus,2b1bf2fd-ec48-4fa4-8c0e-0c0b119e85b7
pkg-d4.0-h5.0-p1.5-w0.45-pad-plus,f11fd33a-eb02-47c0-9de0-a5bb9f88287c
pkg-d4.0-h5.0-p1.5-w0.45-pkg,b041f7ae-0052-4ea4-9244-577994247203
pkg-d4.0-h7.0-p1.5-w0.45-default-circle-courtyard,54337866-9ea0-4a12-b75d-94697cb5d15f
pkg-d4.0-h7.0-p1.5-w0.45-default-circle-documentation,9f61be2e-93c9-4e15-8127-25812c5988de
pkg-d4.0-h7.0-p1.5-w0.45-default-circle-placement,dd1a96b7-820f-43ce-a520-04e953caf0bd
pkg-d4.0-h7.0-p1.5-w0.45-default-footprint,92d11b82-7e41-4b9f-842e-40d98cc84312
pkg-d4.0-h7.0-p1.5-w0.45-default-polygon-documentation-fill,47b867ba-3e10-4e81-a5d7-c50b10c77bea
pkg-d4.0-h7.0-p1.5-w0.45-default-polygon-placement-fill,5ffcc44a-facd-4481-89b7-49d5da00fa37
pkg-d4.0-h7.0-p1.5-w0.45-default-text-name,be7cb4a6-4bf6-4eee-a8bd-236f98c2c910
pkg-d4.0-h7.0-p1.5-w0.45-default-text-value,b2cb6ff7-9565-4523-bd3a-444a551a3d0a
pkg-d4.0-h7.0-p1.5-w0.45-pad-minus,75497a44-af6b-4476-9d20-52fe80382c07
pkg-d4.0-h7.0-p1.5-w0.45-pad-plus,c8197b05-fc56-4724-bdfe-ef0f5c7953e8
pkg-d4.0-h7.0-p1.5-w0.45-pkg,047f91ff-6dcc-4941-8426-48ffb01e009d
pkg-d5.0-h11.0-p2.0-w0.5-default-circle-courtyard,aec992f7-8267-40b7-8e76-19353092f5e4
pkg-d5.0-h11.0-p2.0-w0.5-default-circle-documentation,d36094e1-cf0d-43a1-afab-3d575ec19612
pkg-d5.0-h11.0-p2.0-w0.5-default-circle-placement,b3d36b8e-6401-44cd-aa1f-c3b29bfa5234
pkg-d5.0-h11.0-p2.0-w0.5-default-footprint,6c21c3c5-80c5-479b-8a78-f344a72842e3
pkg-d5.0-h11.0-p2.0-w0.5-default-polygon-documentation-fill,027ff3ee-9931-47b4-b0ec-27f58e63f4a4
pkg-d5.0-h11.0-p2.0-w0.5-default-polygon-placement-fill,2eb11d47-9cff-4895-a1b4-8e7966705462
pkg-d5.0-h11.0-p2.0-w0.5-default-text-name,8e474a63-47c4-49a2-b3bc-50cb1fa769d6
pkg-d5.0-h11.0-p2.0-w0.5-default-text-value,a405fb74-2632-46c7-ac1b-badbd008f1d5
pkg-d5.0-h11.0-p2.0-w0.5-pad-minus,be2c37e6-0f84-4dfd-b1c6-13c5ce47e9c3
pkg-d5.0-h11.0-p2.0-w0.5-pad-plus,5b2bebc0-b41a-49cf-8f0b-56d2b0d00e92
pkg-d5.0-h11.0-p2.0-w0.5-pkg,684ebc3e-b8ca-47f8-9d84-1a4aa994341a
pkg-d5.0-h5.0-p2.0-w0.5-default-circle-courtyard,239c2565-5901-4477-8846-40a43df0990b
pkg-d5.0-h5.0-p2.0-w0.5-default-circle-documentation,04cd9206-776a-4972-98c5-436678b34dc4
pkg-d5.0-h5.0-p2.0-w0.5-default-circle-placement,8e968373-c490-440c-93a2-c99da52a0a37
pkg-d5.0-h5.0-p2.0-w0.5-default-footprint,187c9d37-f339-48dc-8480-eee2409c238a
pkg-d5.0-h5.0-p2.0-w0.5-default-polygon-documentation-fill,02c4016e-8340-423c-a0ac-9008dc54bf28
pkg-d5.0-h5.0-p2.0-w0.5-default-polygon-placement-fill,07ae8211-a9a5-41ae-b660-7bfd4aac450b
pkg-d5.0-h5.0-p2.0-w0.5-default-text-name,dc62436e-6da1-4dcb-bec2-9627545ec8eb
pkg-d5.0-h5.0-p2.0-w0.5-default-text-value,2dcb64a0-4682-47f2-bc8e-4672c2a6d10f
pkg-d5.0-h5.0-p2.0-w0.5-pad-minus,f0123ee0-f9e3-4f35-aa4d-fa8b7ca8f3c3
pkg-d5.0-h5.0-p2.0-w0.5-pad-plus,5b1275cd-0630-4475-a408-187a051af73a
pkg-d5.0-h5.0-p2.0-w0.5-pkg,62d78cc0-a21e-4b5b-8c6a-647a1ecf8771
pkg-d5.0-h7.0-p2.0-w0.5-default-circle-courtyard,3bfec9d2-e359-4c50-826f-2bec284bc5d9
pkg-d5.0-h7.0-p2.0-w0.5-default-circle-documentation,cd941e73-abbf-405a-b9a5-b999c54901c1
pkg-d5.0-h7.0-p2.0-w0.5-default-circle-placement,d07f5bbd-b071-4730-9223-1e5549ba050e
pkg-d5.0-h7.0-p2.0-w0.5-default-footprint,cd2cedac-61c0-4231-b086-833dbc5e59cf
pkg-d5.0-h7.0-p2.0-w0.5-default-polygon-documentation-fill,8fcf72d1-94a3-4be6-a4ff-581cfb3e1fd3
pkg-d5.0-h7.0-p2.0-w0.5-default-polygon-placement-fill,149892b1-130f-49ab-9ed7-f1ee2cc5bd8c
pkg-d5.0-h7.0-p2.0-w0.5-default-text-name,2319a042-26bf-46b7-a8d6-070867042d92
pkg-d5.0-h7.0-p2.0-w0.5-default-text-value,fdab6f3a-53b7-4843-b134-34eee00257eb
pkg-d5.0-h7.0-p2.0-w0.5-pad-minus,98763ef6-dd52-48a7-baf0-ed9044b55018
pkg-d5.0-h7.0-p2.0-w0.5-pad-plus,dcb3a80f-b16a-44fe-914e-43a65ce6d965
pkg-d5.0-h7.0-p2.0-w0.5-pkg,def6b461-05f6-4dc9-9e41-612ab34d1e59
pkg-d6.3-h11.0-p2.5-w0.5-default-circle-courtyard,5785cbe8-22f3-42c6-8193-64a540c94ebb
pkg-d6.3-h11.0-p2.5-w0.5-default-circle-documentation,523302f7-dbfe-4d81-aac0-196c34aa5be9
pkg-d6.3-h11.0-p2.5-w0.5-default-circle-placement,8fae738d-6d09-46c4-a6ae-28dd9e1e1755
pkg-d6.3-h11.0-p2.5-w0.5-default-footprint,20b1846d-0d08-4129-a0bf-1100a19670fd
pkg-d6.3-h11.0-p2.5-w0.5-default-polygon-documentation-fill,078a9ebc-0493-4efb-a5c6-e430aa6e2be5
pkg-d6.3-h11.0-p2.5-w0.5-default-polygon-placement-fill,5fb8f440-d99e-45c3-a23d-69286900216d
pkg-d6.3-h11.0-p2.5-w0.5-default-text-name,7955bba5-7c94-48cd-aaaf-cb64af2343b7
pkg-d6.3-h11.0-p2.5-w0.5-default-text-value,aed07899-2cb0-4631-b7ea-d5d96712fc5b
pkg-d6.3-h11.0-p2.5-w0.5-pad-minus,1a41f1b3-c51c-4da1-9362-cd93fda7025b
pkg-d6.3-h11.0-p2.5-w0.5-pad-plus,83d8dcfb-747a-4818-be2b-ffa5170c1812
pkg-d6.3-h11.0-p2.5-w0.5-pkg,1c97bc55-ea91-4c4d-8bbe-8977f03ee654
pkg-d6.3-h5.0-p2.5-w0.5-default-circle-courtyard,35e18eb0-6a49-42b2-ba05-f13add9bce47
pkg-d6.3-h5.0-p2.5-w0.5-default-circle-documentation,b711b205-dc73-4ae1-aea7-c52e75be63ce
pkg-d6.3-h5.0-p2.5-w0.5-default-circle-placement,d1545aec-40b1-4aac-86df-f1833d042466
pkg-d6.3-h5.0-p2.5-w0.5-default-footprint,163c53a0-94ae-4544-a8a2-ca0713532d6e
pkg-d6.3-h5.0-p2.5-w0.5-default-polygon-documentation-fill,fa4e9f88-5a4b-40f5-90d9-912f82d44707
pkg-d6.3-h5.0-p2.5-w0.5-default-polygon-placement-fill,72814d57-a91f-4619-83fe-150f314c4ffb
pkg-d6.3-h5.0-p2.5-w0.5-default-text-name,f78fa9bb-2120-48a0-893c-43779b30ec54
pkg-d6.3-h5.0-p2.5-w0.5-default-text-value,73579c7c-1a1b-4ebe-8f14-4c2914ca3e5c
pkg-d6.3-h5.0-p2.5-w0.5-pad-minus,084b42c7-6b1a-44a5-80c7-68d3d6067284
pkg-d6.3-h5.0-p2.5-w0.5-pad-plus,5d7062fa-3cf8-484a-87b0-adcb73aea009
pkg-d6.3-h5.0-p2.5-w0.5-pkg,9e3cb807-712f-4d8a-88ec-0c7fb12b7a71
pkg-d6.3-h7.0-p2.5-w0.5-default-circle-courtyard,e5f52c4b-8219-4a2a-a763-62d0a827ca3f
pkg-d6.3-h7.0-p2.5-w0.5-default-circle-documentation,cb77b985-c7d7-477f-94c0-e6da9eccf8e0
pkg-d6.3-h7.0-p2.5-w0.5-default-circle-placement,d477eea4-11a1-40e4-9133-b0e6b5def6da
pkg-d6.3-h7.0-p2.5-w0.5-default-footprint,24c79e1b-4511-4ee5-b057-a286c3bd2543
pkg-d6.3-h7.0-p2.5-w0.5-default-polygon-documentation-fill,4855055f-7bbf-42df-96e9-c695c899fa35
pkg-d6.3-h7.0-p2.5-w0.5-default-polygon-placement-fill,e50c5340-5a69-47e9-9c9e-0711d75e032a
pkg-d6.3-h7.0-p2.5-w0.5-default-text-name,cdfaf6b9-4228-4fde-a26a-e503e98c9dc2
pkg-d6.3-h7.0-p2.5-w0.5-default-text-value,595784c1-13ef-4e9d-8383-0e0dc9c64b3a
pkg-d6.3-h7.0-p2.5-w0.5-pad-minus,364cea9b-2553-4890-9794-38be49f92d9a
pkg-d6.3-h7.0-p2.5-w0.5-pad-plus,628147d6-d099-45cf-b725-c69d77188b1c
pkg-d6.3-h7.0-p2.5-w0.5-pkg,065f98eb-43a4-4533-9076-c9a42593ea57
pkg-d8.0-h11.5-p3.5-w0.6-default-circle-courtyard,6e93edbc-c2ae-4fe5-8f76-5989038cbac2
pkg-d8.0-h11.5-p3.5-w0.6-default-circle-documentation,439393bc-ee6c-48a0-a46f-c100a81facdc
pkg-d8.0-h11.5-p3.5-w0.6-default-circle-placement,6f544cce-2667-4a46-8a16-8df39c459cfc
pkg-d8.0-h11.5-p3.5-w0.6-default-footprint,7e614902-92b9-44da-800a-d83a51e5e210
pkg-d8.0-h11.5-p3.5-w0.6-default-polygon-documentation-fill,f5da4205-9fba-4854-a21d-7f5acc2c9b16
pkg-d8.0-h11.5-p3.5-w0.6-default-polygon-placement-fill,322760bd-cd54-43a9-8fa4-53b262ec3028
pkg-d8.0-h11.5-p3.5-w0.6-default-text-name,de474270-3fc2-45a5-8b64-9a36c80c9414
pkg-d8.0-h11.5-p3.5-w0.6-default-text-value,e6bc7e6e-46cb-403d-86ae-016737255eca
pkg-d8.0-h11.5-p3.5-w0.6-pad-minus,bd0fb72f-fae7-436d-80aa-965f697bf4e5
pkg-d8.0-h11.5-p3.5-w0.6-pad-plus,3274ec77-b01b-4ce7-8f9c-59d59116d44f
pkg-d8.0-h11.5-p3.5-w0.6-pkg,c718e83a-4b13-415c-8c96-d192831837d5
pkg-d8.0-h5.0-p2.5-w0.6-default-circle-courtyard,37cbb6cf-7605-484f-8fd9-361d8367c0df
pkg-d8.0-h5.0-p2.5-w0.6-default-circle-documentation,b55d2cd4-3aab-4bab-a650-5294422c0aea
pkg-d8.0-h5.0-p2.5-w0.6-default-circle-placement,853353fe-38ee-4b7d-9aac-c7b9a760477b
pkg-d8.0-h5.0-p2.5-w0.6-default-footprint,94ce04e4-fa5d-4276-8964-1b7a6371c63d
pkg-d8.0-h5.0-p2.5-w0.6-default-polygon-documentation-fill,97420402-aaf5-41f8-b0f5-acc6c33c7c17
pkg-d8.0-h5.0-p2.5-w0.6-default-polygon-placement-fill,7cdea58f-9b07-4f57-9d4c-42df71476d35
pkg-d8.0-h5.0-p2.5-w0.6-default-text-name,a68ec00f-085b-4731-aec3-68e3a06cdd7b
pkg-d8.0-h5.0-p2.5-w0.6-default-text-value,bbb06a99-a07e-4f3c-8c53-75e5f4fdcbe1
pkg-d8.0-h5.0-p2.5-w0.6-pad-minus,dbaab8c2-e88b-4f5b-b2a8-528d10ec340d
pkg-d8.0-h5.0-p2.5-w0.6-pad-plus,b4e7cf1e-8cad-451a-8bd9-4f30f8118755
pkg-d8.0-h5.0-p2.5-w0.6-pkg,7b756d32-87b4-423c-95b2-3fb1a4263a1c
pkg-d8.0-h7.0-p3.5-w0.6-default-circle-courtyard,f3f4eccd-1654-4c93-bcab-2cc11f8aa218
pkg-d8.0-h7.0-p3.5-w0.6-default-circle-documentation,c1405da7-a053-4c3c-9f73-8c6f672bc5f9
pkg-d8.0-h7.0-p3.5-w0.6-default-circle-placement,81749641-3583-47a7-a89f-0b275b1a1faf
pkg-d8.0-h7.0-p3.5-w0.6-default-footprint,af412d5b-572e-4c53-afff-d049ee9c7b1f
pkg-d8.0-h7.0-p3.5-w0.6-default-polygon-documentation-fill,eb430429-c1c7-4403-971e-2be0413b3828
pkg-d8.0-h7.0-p3.5-w0.6-default-polygon-placement-fill,77d4bc2e-0b63-4321-ba8f-6addaae9f43f
pkg-d8.0-h7.0-p3.5-w0.6-default-text-name,a2b484e0-7dda-4af9-9866-129bff176374
pkg-d8.0-h7.0-p3.5-w0.6-default-text-value,d4cfeee4-3feb-46d0-aad0-5acbd2e1a87f
pkg-d8.0-h7.0-p3.5-w0.6-pad-minus,cfa7e844-7b37-4734-9b07-c9dc68b130b4
pkg-d8.0-h7.0-p3.5-w0.6-pad-plus,4d853c05-2cc4-4f2f-9b85-57eeaa7a41ad
pkg-d8.0-h7.0-p3.5-w0.6-pkg,573a0224-9bcd-4306-b809-b589eb01af04
