sym-dff_4-pin-clk,ff87c347-eb98-4421-98ca-6f11ac8bb0f3
sym-dff_4-pin-d,2c19951a-d180-4395-8ee6-9ccc6a84a65b
sym-dff_4-pin-q,9627a399-4802-4d66-8d05-c1e475a57bea
sym-dff_4-polygon-1-sym,ccda4558-6f81-487e-9ee5-7961df22a934
sym-dff_4-polygon-contour,8706687f-9d4c-4e30-a7c5-deaf6422119a
sym-dff_4-sym,593981e4-44ff-475b-b577-d979d0802107
sym-dff_4-text-name,ab0328fe-8dae-4906-bf50-7f84bff145a6
sym-dff_4-text-value,8c3eb111-79f8-46ff-bfa2-d66e1a8dc6a5
sym-dff_p_4-pin-clk,82366630-04b3-4364-b9e8-61e577634a55
sym-dff_p_4-pin-d,9f6f6143-56ef-4a10-8c0c-6a664064c94c
sym-dff_p_4-pin-pre,5328726c-2910-4dcc-aacf-891ee5c357bd
sym-dff_p_4-pin-q,dd5cfa19-3dea-422a-9b97-b13a0f2da4f8
sym-dff_p_4-polygon-1-sym,e54d0adf-2b86-4de5-beeb-84148068471a
sym-dff_p_4-polygon-2-sym,27229ef1-a138-4a75-aad5-9c6e4282ca55
sym-dff_p_4-polygon-contour,1a46a45a-6385-4347-95ff-e5cddc5e60d0
sym-dff_p_4-sym,a9855853-e5be-4159-8cc7-7126d089a61f
sym-dff_p_4-text-name,2fdec625-4d49-4908-bd35-57f91c825b54
sym-dff_p_4-text-value,e4aefad6-b3b6-4ece-8071-58d641df8abb
sym-dff_pn_4-pin-clk,dd10715a-93fc-470e-a066-c983d613ea91
sym-dff_pn_4-pin-d,952e1b9c-83b5-47fa-98fb-a19926d3e5ab
sym-dff_pn_4-pin-pre_n,e0409772-0974-4ff1-989d-8beb6d903890
sym-dff_pn_4-pin-q,580cb578-ff22-4cdc-a8f8-a7dae11ef8cf
sym-dff_pn_4-polygon-1-sym,ea68a221-0821-47fa-ad9f-3eb642873035
sym-dff_pn_4-polygon-2-sym,431c6759-9caf-4bc7-a06f-424f79d981b1
sym-dff_pn_4-polygon-3-sym,10d65662-8bdb-45ae-a870-41a99760a73e
sym-dff_pn_4-polygon-contour,003b389b-9e74-43f4-92e7-6e72de1e01b1
sym-dff_pn_4-sym,b252653d-f7e7-4da8-a637-9c153c9611e5
sym-dff_pn_4-text-name,d1821323-7625-40af-a207-d76112ce296a
sym-dff_pn_4-text-value,4e6c2305-588d-461b-835c-f082a8daa0a2
sym-dff_r_4-pin-clk,2429ae4f-649e-47b1-aac7-eec56f0f836a
sym-dff_r_4-pin-d,fe9cf610-e2a6-45e8-91d5-f136551490cd
sym-dff_r_4-pin-q,45a25660-000f-4e00-b097-01de2d5f99fe
sym-dff_r_4-pin-rst,56c3c61b-0e41-42e3-92fa-46f5287b1344
sym-dff_r_4-polygon-1-sym,913fcb4e-47a5-4ea1-9772-8d9f33de5613
sym-dff_r_4-polygon-2-sym,52b381c3-5858-449a-9294-d68522028f8b
sym-dff_r_4-polygon-contour,215741b7-35c3-4c46-91c3-652606b46768
sym-dff_r_4-sym,4a3febcd-3201-4573-a841-e33094606d8d
sym-dff_r_4-text-name,8f9bebbd-414a-44e2-a291-7b24ddae895c
sym-dff_r_4-text-value,d0e820ad-2e82-4204-817b-042f43fa3564
sym-dff_rn_4-pin-clk,2e5b4bc2-dfe9-40ed-9e50-8347f95eab9c
sym-dff_rn_4-pin-d,94b4a365-d14a-42b9-a0f8-fd6abab1cc17
sym-dff_rn_4-pin-q,c2dd8771-9e36-46ac-9d14-17bca156451e
sym-dff_rn_4-pin-rst_n,337f2af5-ab75-4596-be4b-946f8d992276
sym-dff_rn_4-polygon-1-sym,e2a0ef50-c662-4503-ab51-15f677f7b356
sym-dff_rn_4-polygon-2-sym,ae69a3ca-ecf7-4211-b368-b9b3de9595fd
sym-dff_rn_4-polygon-3-sym,645d1518-ef01-47c7-870f-27a8aa2e2974
sym-dff_rn_4-polygon-contour,0d80e2ae-17b7-45b1-b8d8-563bb762a199
sym-dff_rn_4-sym,1795e5cd-4471-455a-a4d5-92032a358a0d
sym-dff_rn_4-text-name,72860bd9-b646-4e6a-8ce0-d10cb11a81ef
sym-dff_rn_4-text-value,9cb5603f-f3b1-46dd-b493-b50556b66919
sym-dff_rnpn_4-pin-clk,6c54a2d8-fb3a-4000-8ecf-cdd285bd6fe7
sym-dff_rnpn_4-pin-d,a9dc5f13-57ce-4255-8772-9be95597f8c8
sym-dff_rnpn_4-pin-pre_n,0a25ea41-d00d-4f6b-afca-5dcf8e1e5bc5
sym-dff_rnpn_4-pin-q,1af3bf50-fee3-4a54-a601-35aa999aa7a4
sym-dff_rnpn_4-pin-rst_n,fb1cc05c-454a-425d-84d9-8c459be79027
sym-dff_rnpn_4-polygon-1-sym,058e7011-63b6-46c0-bf0b-060105250c6d
sym-dff_rnpn_4-polygon-2-sym,85ef4bf9-10dd-4357-95a3-f22ac52caa82
sym-dff_rnpn_4-polygon-3-sym,127239b7-ba1d-446d-9c90-eddca837fa11
sym-dff_rnpn_4-polygon-4-sym,5092b406-f436-46db-b433-7996ae855d5a
sym-dff_rnpn_4-polygon-5-sym,1a2d33dd-a457-41a5-b3cc-9315ac38d53c
sym-dff_rnpn_4-polygon-contour,749ba72d-0380-4db8-9643-3386d0bef3ed
sym-dff_rnpn_4-sym,30cd9140-5261-4fc9-b445-db4be16f84fe
sym-dff_rnpn_4-text-name,b9ec7882-3e9f-4ec7-abbe-f0d79476a544
sym-dff_rnpn_4-text-value,8f499f26-d4b6-41c3-8b33-021ccfdb7d31
sym-qqn_rnpn_4-pin-clk,b86368bf-40f4-4f4b-b1ae-5fc20278f047
sym-qqn_rnpn_4-pin-d,e4b21b41-0801-4a55-8104-b357b038532f
sym-qqn_rnpn_4-pin-pre_n,8a8748ef-013f-42cf-8435-873f1a930bac
sym-qqn_rnpn_4-pin-q,33510a60-5a61-4f4f-89bf-f6333475ec98
sym-qqn_rnpn_4-pin-q_n,448d187e-4b0c-42e7-b8b0-34da376a3f96
sym-qqn_rnpn_4-pin-rst_n,a1a83d4f-5958-4d48-8d97-d6a66076b30f
sym-qqn_rnpn_4-polygon-1-sym,2519a832-7c52-4faa-9f9d-98bf8b368301
sym-qqn_rnpn_4-polygon-2-sym,cd580e25-acd2-4b13-abc7-3adc2f929c3b
sym-qqn_rnpn_4-polygon-3-sym,9571602d-8e4a-4d51-ad3e-2d0f73332580
sym-qqn_rnpn_4-polygon-4-sym,62659d71-2f36-4c44-96d5-bd50c570c495
sym-qqn_rnpn_4-polygon-5-sym,e707ded2-c15b-4996-8f25-aaaa63101daa
sym-qqn_rnpn_4-polygon-contour,8d7bb023-f773-4dcd-8ab4-8480055bc376
sym-qqn_rnpn_4-sym,6f9a28e8-ed57-4fa1-99d1-3fab2e2c436a
sym-qqn_rnpn_4-text-name,469f8b8c-4832-41f4-af87-f296846d46e9
sym-qqn_rnpn_4-text-value,25e5c5bf-7347-4f6e-b08f-c02136997aa6
