sym-and2_4-pin-a,86101e31-a58d-4dff-86d0-73f0c8e0382c
sym-and2_4-pin-b,12d487f4-309d-4ca3-a5c6-9f56fac1bd81
sym-and2_4-pin-out,cc15b9a6-8e72-4086-924f-e194cc1f6ce2
sym-and2_4-polygon-1-sym,55f42ca5-ac44-4e0c-910e-10ac82bddb6f
sym-and2_4-polygon-2-sym,4145d431-554c-425b-9a37-7be46cb14499
sym-and2_4-polygon-3-sym,d087ab8d-8f6e-4fce-b762-ab5269c9474d
sym-and2_4-polygon-contour,85f7ce97-c567-417e-889d-76a293e66e75
sym-and2_4-sym,05819783-74fa-41b5-af88-3f631a6976d8
sym-and2_4-text-name,50b49425-ae40-45ec-8462-e9ee75d6d4a4
sym-and2_4-text-value,73c1f9e7-c7af-44a9-9042-1ec79697dcc2
sym-and2_6-pin-a,15479eaa-1dbb-49d2-8acd-4fbbbef965fe
sym-and2_6-pin-b,cac418e3-89cb-4bb9-8f87-52c82ebc802b
sym-and2_6-pin-out,1776b698-4b1e-4def-99d7-b615f5b9b6fa
sym-and2_6-polygon-1-sym,33eb60a9-27cf-46fb-90f7-b2a3d0557fd6
sym-and2_6-polygon-2-sym,b0afd854-a538-461a-b5eb-c7ae1534ae71
sym-and2_6-polygon-3-sym,0a91e266-e0f2-4d29-b57c-2fabc43600ef
sym-and2_6-polygon-contour,eecb8977-9365-4215-8528-ed2248deb5a2
sym-and2_6-sym,adaf9181-a460-46ed-8576-f4e13448adbe
sym-and2_6-text-name,3312c679-d296-438f-91c1-7fb81814b1f9
sym-and2_6-text-value,5cd4a9c0-023e-4373-a2b0-b4e551d94b69
sym-and2_8-pin-a,96299d23-c126-4f46-9890-d902ae291e4f
sym-and2_8-pin-b,6010fcdb-fe20-4121-a2c2-42699baffb55
sym-and2_8-pin-out,03125a49-3207-4fdb-b32e-1309c1791f9a
sym-and2_8-polygon-1-sym,447d5b76-35ac-455c-be41-4ec63b49914a
sym-and2_8-polygon-2-sym,2a889183-ea23-472a-8304-fbedb027c79d
sym-and2_8-polygon-3-sym,3534293b-387f-4c9e-9445-7d90ca93d688
sym-and2_8-polygon-contour,84b8f96a-5629-4d3c-89d2-77cdbdc3880d
sym-and2_8-sym,1d5eab7c-5b95-473e-9ea2-fce0b306a068
sym-and2_8-text-name,716bd6a8-40b6-47ea-92a1-8171c78d87ee
sym-and2_8-text-value,a243bff4-9001-4025-97be-b8e1cb08ceb2
sym-and2_dm_4-pin-a,6d831560-07cf-43df-94ad-ddbe689ec2b3
sym-and2_dm_4-pin-b,f3c799ab-47e8-4801-8442-79cb7b0c0afd
sym-and2_dm_4-pin-out,15ea96e3-3858-44d3-b142-6454737ac6d1
sym-and2_dm_4-polygon-1-sym,e5a71192-95e1-478e-92b9-1ca2a3d152c0
sym-and2_dm_4-polygon-2-sym,501ec9df-1876-4f95-9685-1e1bf2cd1a8b
sym-and2_dm_4-polygon-3-sym,d7f3deeb-b0d1-45c9-8ee5-a4380d1d5f5d
sym-and2_dm_4-polygon-4-sym,61edb018-98e5-4079-a76f-69d09c6d7156
sym-and2_dm_4-polygon-5-sym,0ce3ca3e-79c9-4141-b2b3-2e2b1c5fa64c
sym-and2_dm_4-polygon-6-sym,1234d6de-3bc0-49d9-be1d-e2d72f524fa4
sym-and2_dm_4-polygon-contour,2ee385a9-1272-4e1c-ae62-79553ea2cd04
sym-and2_dm_4-sym,75a5cb4e-03b3-4c50-9085-3c6e77eab1a5
sym-and2_dm_4-text-name,af0de7c5-24de-4712-99f5-f761a41474b8
sym-and2_dm_4-text-value,49c8a7bf-763e-4e4b-8061-1f0e59a7c78d
sym-and2_dm_8-pin-a,7f23afd9-2543-47b2-9561-c9563a1caa13
sym-and2_dm_8-pin-b,dbdb992f-eeaa-4c74-a15b-d8d8d9a8ce52
sym-and2_dm_8-pin-out,362dbb80-e48b-4423-bcd7-277d44bb2811
sym-and2_dm_8-polygon-1-sym,458eb8cb-8bda-4961-93c4-9a62d0f57cff
sym-and2_dm_8-polygon-2-sym,33bf6c77-dd0d-4b76-9fd3-c51ee023f987
sym-and2_dm_8-polygon-3-sym,2c5add36-17d1-4afa-8757-a4e9db16bb77
sym-and2_dm_8-polygon-4-sym,96f07a47-3a0a-4ce9-8807-996e23ae7560
sym-and2_dm_8-polygon-5-sym,a856cc4f-308c-433d-8500-8ce8f9258d95
sym-and2_dm_8-polygon-6-sym,b3f345d1-7f0e-4793-8680-186e20f9c883
sym-and2_dm_8-polygon-contour,4779143b-b540-4d92-9084-3e0a08fdf4f2
sym-and2_dm_8-sym,2ec2287d-9988-4b9f-8572-4e22e0783465
sym-and2_dm_8-text-name,641229f4-0c9e-4300-88fc-7ccbb822032e
sym-and2_dm_8-text-value,ac092086-5af9-434a-9d64-3db5b2362358
sym-and3_4-pin-a,91cce3ca-ca68-46cc-9f64-8706ca1c2a16
sym-and3_4-pin-b,62515683-56d5-4c44-8fc6-3eefab114e79
sym-and3_4-pin-c,e107aeac-8aca-4a6a-acc3-a6f3a8fda2f5
sym-and3_4-pin-out,7f645e7a-dda6-47f8-aa90-f1e7f6bb14af
sym-and3_4-polygon-1-sym,aca3c78e-347b-4d85-befe-421d112bbac7
sym-and3_4-polygon-2-sym,e4ac06b0-77f3-4523-8423-342399dd72a7
sym-and3_4-polygon-3-sym,44810ee8-0ac3-44c8-aa83-5d3e771ed825
sym-and3_4-polygon-4-sym,2f0ae8b5-d56b-477d-b653-eb14ac6d9523
sym-and3_4-polygon-contour,a8d898ba-eb97-4a5e-acd2-6ddc234a76de
sym-and3_4-sym,386725a0-9e95-4262-9761-0ad2fc4eb114
sym-and3_4-text-name,0bfa03b4-b1e4-469f-ada9-9180df2e6919
sym-and3_4-text-value,28e431d8-01d6-410d-8e7d-50746377f478
sym-and3_8-pin-a,f713063d-891e-46fd-b596-8d9e2f497af3
sym-and3_8-pin-b,db749abe-584a-4124-9234-04305a0d44ab
sym-and3_8-pin-c,55b823e8-3fba-4976-b5ed-dcfd0dfaaff0
sym-and3_8-pin-out,549f38a0-8d6b-4a17-8de9-83e0e4bdceb8
sym-and3_8-polygon-1-sym,07a7452a-8044-40c3-a7df-7548ada31d60
sym-and3_8-polygon-2-sym,6da3419d-f494-4b5e-9653-46f8d2790a4e
sym-and3_8-polygon-3-sym,a5ef1331-6d9d-40e9-9607-178753132bef
sym-and3_8-polygon-4-sym,cbda304f-01c4-4bd6-8b33-626fc6b52f4a
sym-and3_8-polygon-contour,c4a89b3c-f249-4fcd-9d61-b91985cc2264
sym-and3_8-sym,a58b86ea-7795-4afe-9693-497759e2a14f
sym-and3_8-text-name,c2ce762c-1e16-4fcb-989e-08f504e7ba70
sym-and3_8-text-value,52acad07-202e-4418-95c2-255e5cbfe0df
sym-and3_dm_4-pin-a,3c037b5c-c0a5-4480-9b16-84eecfe205de
sym-and3_dm_4-pin-b,50e58fcc-44d3-49f9-880e-c30056b249ce
sym-and3_dm_4-pin-c,e5b9d944-7265-4b1f-a6eb-f9cbc10d5ae7
sym-and3_dm_4-pin-out,10969d00-1f31-41c3-948d-c24bb5efcc30
sym-and3_dm_4-polygon-1-sym,86c7825a-2738-4f49-bf13-d5e110b34f95
sym-and3_dm_4-polygon-2-sym,a8d266ea-fc6b-46c7-832b-9f1a322b1313
sym-and3_dm_4-polygon-3-sym,d88ddafb-85d0-4436-a66b-e0f84c5861d6
sym-and3_dm_4-polygon-4-sym,65f8cc4d-b4b7-424b-8c2f-5c848a5843ee
sym-and3_dm_4-polygon-5-sym,321c85cb-85a2-4d56-b6d2-6617d910cfff
sym-and3_dm_4-polygon-6-sym,cc545749-b58a-4d03-a79c-3ba2920c73dd
sym-and3_dm_4-polygon-7-sym,b34bacdf-2cc3-428a-8ffc-99474ae416fd
sym-and3_dm_4-polygon-8-sym,afc8f1da-d0d0-4332-92a4-e20c2d923a0e
sym-and3_dm_4-polygon-contour,92231b7a-895b-4109-908d-6c85a82565b5
sym-and3_dm_4-sym,a1f50d3c-1567-4068-ae08-2dcfbfbb2e2f
sym-and3_dm_4-text-name,bed92559-1ebe-452d-ad4f-f1047549ac69
sym-and3_dm_4-text-value,3f82d42a-633c-4680-890d-512051fd50e2
sym-and3_dm_8-pin-a,546326cb-e1a6-419f-baa4-dc40c4142a25
sym-and3_dm_8-pin-b,422ff9a2-c468-40d9-abd3-d288bb9b819e
sym-and3_dm_8-pin-c,1ff50424-b739-4c2b-abc6-ad2bef6076ed
sym-and3_dm_8-pin-out,df56b35c-600d-4609-a15f-e9d641570e21
sym-and3_dm_8-polygon-1-sym,e6f3b32e-fb95-433b-a703-bbe159feafd7
sym-and3_dm_8-polygon-2-sym,21d7e0e7-1f1c-497c-9a8b-5e20c78de36b
sym-and3_dm_8-polygon-3-sym,1b497255-ca9b-417d-96f5-04f8c74167d0
sym-and3_dm_8-polygon-4-sym,828059b3-b610-4b1b-abcc-c19db338c375
sym-and3_dm_8-polygon-5-sym,3888c935-537e-4fcc-bd79-bfbb2448c1aa
sym-and3_dm_8-polygon-6-sym,f1ba3407-965f-488a-8930-72129988845e
sym-and3_dm_8-polygon-7-sym,43de5ee6-e12f-4317-8c5b-cfd81175419f
sym-and3_dm_8-polygon-8-sym,0bb75f41-a678-415d-88ed-17606dc26314
sym-and3_dm_8-polygon-contour,3c778c6e-d432-4860-898a-ada64d6fcdfc
sym-and3_dm_8-sym,40ef2d8d-1647-41f1-88a4-2a2bd5b08de8
sym-and3_dm_8-text-name,48ac29dd-e84b-4cd5-98c5-56d33b41d7a9
sym-and3_dm_8-text-value,78b0a6da-78b5-40db-9f4b-498a6088f411
sym-and4_4-pin-a,afb17912-4871-484f-ad1a-182b533f4da7
sym-and4_4-pin-b,664b4cf5-7718-4f85-acf3-0912d1c2c5f7
sym-and4_4-pin-c,4ba20a04-7384-4190-ba32-d3a0274fdd04
sym-and4_4-pin-d,6da595d4-6ae3-4072-88f2-67b064a6174f
sym-and4_4-pin-out,677ce88e-7b35-42a5-af47-621ae290a84d
sym-and4_4-polygon-1-sym,e3834044-1a5b-46de-8802-21b7cf147436
sym-and4_4-polygon-2-sym,08221e62-8123-4810-98b1-4cb9bb36028d
sym-and4_4-polygon-3-sym,0c15a91a-fc5e-462c-ad15-2d097ccc4f18
sym-and4_4-polygon-4-sym,79a9d0d5-a7a4-4a95-9a52-833d91c8d47f
sym-and4_4-polygon-5-sym,5e9b26e7-6d06-4f6e-a636-ab7a7971f13c
sym-and4_4-polygon-contour,a36d2ec9-2fde-4855-bec9-f612712bf6dc
sym-and4_4-sym,f5c271aa-810f-4fda-aae2-beba9b41ea29
sym-and4_4-text-name,4bd74ec7-8a59-4a10-9582-33309e2b1c46
sym-and4_4-text-value,873aad6d-faea-47f6-ad85-6ff794c36973
sym-and4_8-pin-a,5c925066-07c8-45c5-9059-52fc3c989fa5
sym-and4_8-pin-b,18eb4b09-8cf0-452a-bb68-5b4f98c317da
sym-and4_8-pin-c,2ceb81a1-335b-4512-bf95-7445234246d9
sym-and4_8-pin-d,1dd2210f-1b15-4306-99b3-04bb8cc7199a
sym-and4_8-pin-out,1281fcca-b43f-48a9-87c3-7115b1cadfdf
sym-and4_8-polygon-1-sym,7e77a49a-d0c4-498f-b043-3d49e0fdc3dc
sym-and4_8-polygon-2-sym,8ae1c9f9-e63d-4f21-9ea5-2ad106863bc8
sym-and4_8-polygon-3-sym,1b52dfe7-2790-47b1-9eab-7807ce131a6a
sym-and4_8-polygon-4-sym,f0692e11-2e7c-432c-b71c-e6c33973d56f
sym-and4_8-polygon-5-sym,077494e9-827a-462f-99fe-f252b9ca54ba
sym-and4_8-polygon-6-sym,15dd59b6-3faf-4180-b8e0-daac0c7cdfe7
sym-and4_8-polygon-contour,c704f211-e466-48f4-825e-38eb2a52834e
sym-and4_8-sym,cc016829-58ad-47a3-add3-4b90903de03b
sym-and4_8-text-name,ba8d6238-f543-429c-9cdb-98a4969ffe6c
sym-and4_8-text-value,9a7e1983-7326-4ff9-a29e-01639867ecf3
sym-and4_dm_4-pin-a,962c38b3-8c80-404a-89dc-a08a42b99e05
sym-and4_dm_4-pin-b,6fa8a4fc-c5cd-4d1b-b552-54cc3fc2e1e3
sym-and4_dm_4-pin-c,cbf87a6c-1953-4276-bb9c-089a01c5dac9
sym-and4_dm_4-pin-d,75e4228b-afeb-4ca6-9dfa-b3b88af19d5f
sym-and4_dm_4-pin-out,9750c616-6bd4-4cfa-8f14-de314bac8593
sym-and4_dm_4-polygon-1-sym,a58473a2-6054-4a8d-bf49-7e63e1a15189
sym-and4_dm_4-polygon-10-sym,5f043b5d-7da9-41ea-b723-e71e95c9d75a
sym-and4_dm_4-polygon-2-sym,3b77bda4-22db-4674-9961-104086bf6e63
sym-and4_dm_4-polygon-3-sym,efa358f1-7084-4281-acea-d0d360e71d67
sym-and4_dm_4-polygon-4-sym,735fa95f-e55e-4a08-ac90-7bb787584ed5
sym-and4_dm_4-polygon-5-sym,ace71dc7-08c4-42ef-a7d8-978afe681322
sym-and4_dm_4-polygon-6-sym,d2a52fdb-fe63-4a87-903b-109582125195
sym-and4_dm_4-polygon-7-sym,06ed9dc0-efc7-48ab-a38c-b5503fe34ffd
sym-and4_dm_4-polygon-8-sym,5a95e98e-73f0-488d-905f-cac649c8553c
sym-and4_dm_4-polygon-9-sym,93d7b838-c667-46fc-8c9c-cc115f5c722b
sym-and4_dm_4-polygon-contour,0ad67861-06ff-4c64-b310-294cd85c0511
sym-and4_dm_4-sym,cc9c541a-aa3e-43fb-bd59-9c71d9b1f869
sym-and4_dm_4-text-name,8e0dfe9f-cb28-4f73-a14d-96795cecb4fc
sym-and4_dm_4-text-value,fae10883-7c74-4eb8-ae09-ab512f18dbaa
sym-and4_dm_8-pin-a,932883b1-27c7-4f97-8091-cb5370deab9d
sym-and4_dm_8-pin-b,619564a4-b694-4e24-9816-972de591e6ea
sym-and4_dm_8-pin-c,0905e7bb-dd3f-4ee0-805b-8d70f3a5ea6d
sym-and4_dm_8-pin-d,b5d3d145-1598-44b9-9d71-888eb1273eab
sym-and4_dm_8-pin-out,0d30fcdc-2b3b-476a-b926-512f28c4bd0f
sym-and4_dm_8-polygon-1-sym,883d979a-20aa-4095-8e95-0d904c8595a7
sym-and4_dm_8-polygon-10-sym,d1fad7ac-02a2-46fd-b22c-b22abeabece2
sym-and4_dm_8-polygon-2-sym,6faca398-1f22-4bd7-be8f-baee39678bcf
sym-and4_dm_8-polygon-3-sym,8404c136-1988-41e5-867e-c634398ced2a
sym-and4_dm_8-polygon-4-sym,8f4271b5-8f1c-4a85-8c6f-bf140a4e7141
sym-and4_dm_8-polygon-5-sym,e374c712-7839-45f9-ba11-389236870492
sym-and4_dm_8-polygon-6-sym,a9c3e31b-4036-4e66-ab08-dc00125488d3
sym-and4_dm_8-polygon-7-sym,88cbc341-6779-4cd9-98a1-a1db39af79df
sym-and4_dm_8-polygon-8-sym,74c3f415-2bbd-485c-b6a3-6b708128ef30
sym-and4_dm_8-polygon-9-sym,9e8bff68-427f-4994-b1af-c6de02628f1d
sym-and4_dm_8-polygon-contour,cc55a41a-0b56-4d4f-946e-df132e159609
sym-and4_dm_8-sym,f5ce23eb-5ce4-4952-a1ca-31e7b91c153f
sym-and4_dm_8-text-name,47d8c68d-dd17-4e1c-814a-efc6fe8cefc4
sym-and4_dm_8-text-value,aa1496c6-6d43-4f68-b2ad-a99cb0c44f3e
sym-and6_4-pin-a,46d52f8a-f317-425b-8607-a62ceee3f52b
sym-and6_4-pin-b,c55ea999-1a6a-4e39-8ea5-237c0bde7e9c
sym-and6_4-pin-c,b6547ca2-e50e-4255-bfaa-58a4dbb60e55
sym-and6_4-pin-d,233fe0bc-4215-4cad-a59a-ec8876982dd8
sym-and6_4-pin-e,bafac554-430f-44d1-bd72-bbb09c065f03
sym-and6_4-pin-f,47a1c680-8e3e-44cf-9b50-bae059a66948
sym-and6_4-pin-out,7f9d3fbc-7a25-4343-9142-6625ecf1c13d
sym-and6_4-polygon-1-sym,718be557-120d-4d2b-9c99-75c44cc3c63b
sym-and6_4-polygon-2-sym,3d8ea40f-1837-4f91-a18e-caca0e5483ac
sym-and6_4-polygon-3-sym,941975d1-bdce-44d7-a35f-7b6f673c90c1
sym-and6_4-polygon-4-sym,484f3d87-32e7-4fbe-85be-7c75c15c91fc
sym-and6_4-polygon-5-sym,3557279a-6b93-48b6-8c51-9ec790df52b0
sym-and6_4-polygon-6-sym,74d215c7-8ff1-405f-adc7-8996326b7d69
sym-and6_4-polygon-7-sym,0b48b9c7-bcee-453d-9f0a-09006df183f3
sym-and6_4-polygon-8-sym,2e36435d-066f-471c-83ad-8d4d8a25aebc
sym-and6_4-polygon-contour,02d78719-2d53-4ef1-98c0-a659964db585
sym-and6_4-sym,90b69ceb-a5c8-4612-839d-1769a9d2cc9b
sym-and6_4-text-name,301bf55f-0150-432d-9bd7-502b7824fc60
sym-and6_4-text-value,a71f564b-50fc-47d4-9385-d11bdc8fb084
sym-and8_4-pin-a,c1aab202-7ef7-4472-bab7-3631e6b874fc
sym-and8_4-pin-b,37b5906c-881a-4b90-85fd-a63aafba2930
sym-and8_4-pin-c,db37f8f5-6779-4fa7-addc-b98360424ece
sym-and8_4-pin-d,03c4b8da-4bc8-45d7-926b-339ae5ca3566
sym-and8_4-pin-e,c3352b66-4e43-45b2-82b1-03a1637cdf1a
sym-and8_4-pin-f,679db82d-cd06-44c6-87eb-b826dda4d8a5
sym-and8_4-pin-g,40fd9dd8-4bea-4503-8d2c-f9e8f8397abc
sym-and8_4-pin-h,d6871d2e-d51e-4467-aea4-6d8d601aa84b
sym-and8_4-pin-out,0e9883f4-56dc-40a0-bfa5-98c6cbc69d71
sym-and8_4-polygon-1-sym,8279480a-3109-4c14-8e10-5ddfdddee89e
sym-and8_4-polygon-10-sym,21a7154d-21c8-4240-8e14-16e8dcd077b1
sym-and8_4-polygon-2-sym,a9fc74a9-c421-4432-b8c8-f1cb773e8fb4
sym-and8_4-polygon-3-sym,b330cf7e-83b9-4229-8c4a-2731059b3a3e
sym-and8_4-polygon-4-sym,54039ae6-3a98-4edf-afbb-9928ffdb0656
sym-and8_4-polygon-5-sym,7f326b4a-d26c-49fb-978e-3b9a66ee942f
sym-and8_4-polygon-6-sym,dedf5723-bcad-409c-b80a-91e8e091ac7d
sym-and8_4-polygon-7-sym,3d6d3b79-a6fc-4960-9c80-0f62474c878b
sym-and8_4-polygon-8-sym,58f167b0-bdce-48db-a5d0-92d369249242
sym-and8_4-polygon-9-sym,f4b76fa2-29ea-46b8-9b1f-c61c5cac415f
sym-and8_4-polygon-contour,bcc98464-f79c-4025-a522-58156811e582
sym-and8_4-sym,dc118934-41d7-49ab-a0fe-0fb78d2f31bc
sym-and8_4-text-name,e13e940d-31da-4d0a-b977-030051953a66
sym-and8_4-text-value,76e7ac76-8c88-4b50-8fb6-10fe688ca43d
sym-inv_4-pin-a,cecb1a45-c0a4-4782-95c4-7b1099b1dbb3
sym-inv_4-pin-out,e3a53677-898f-4106-ba9f-7257bee9e5cf
sym-inv_4-polygon-1-sym,e9442dbb-edaf-4e17-9fdf-17da4e2e0ebc
sym-inv_4-polygon-contour,4e856918-3010-45cd-be9f-16e6653698c2
sym-inv_4-sym,a440f00e-fa41-4736-90b5-703d77554075
sym-inv_4-text-name,6ea55fc4-ee4d-4a8d-8211-5c8a0f0ae0e6
sym-inv_4-text-value,8df4708a-0c7d-4896-bf99-f73872dc6af9
sym-inv_6-pin-a,45c72c76-da74-4a4e-9664-3747d3912b0f
sym-inv_6-pin-out,accd37a5-a329-4d28-a152-71f932e15d15
sym-inv_6-polygon-1-sym,8f89a528-4f71-445f-8f2a-9705dfeda3e0
sym-inv_6-polygon-contour,405db82a-2779-4fe2-8fe4-036077eee6d7
sym-inv_6-sym,0451538b-6b26-45c0-bd61-5840bb22212d
sym-inv_6-text-name,61d96ade-7431-4f70-9de5-e9d2b7206451
sym-inv_6-text-value,b0988889-a9c8-4b09-ada9-b2fac9f77e69
sym-inv_8-pin-a,49323d6d-0ed1-4a5a-ba5d-dd3b6635b1dc
sym-inv_8-pin-out,7083a62f-849a-486b-adca-a1391430caa6
sym-inv_8-polygon-1-sym,94882b55-3fee-44a7-9492-77f173e00fad
sym-inv_8-polygon-contour,13bfd555-6667-4d54-8f56-20ff6955f050
sym-inv_8-sym,ea2f70dd-ad70-47cc-aa6e-e540c2189bdc
sym-inv_8-text-name,592aa219-6c0b-4513-8b62-969aa97c65e4
sym-inv_8-text-value,58ce8b20-d991-436f-8a79-03fdff018828
sym-inv_i_4-pin-a,a68f42d2-2064-49c9-901b-de419829e4d4
sym-inv_i_4-pin-out,04dd5535-8506-4514-921c-0da380400ef3
sym-inv_i_4-polygon-1-sym,f1ecccd3-f5ba-4865-8061-7b030b2dc3ae
sym-inv_i_4-polygon-contour,0110f0a4-6dc4-4543-a444-6b71b9fe291e
sym-inv_i_4-sym,bef95e15-b97b-45aa-9f3a-e39eae38d664
sym-inv_i_4-text-name,2692a175-dbea-410c-b04b-e45a0fbcb5ea
sym-inv_i_4-text-value,8722997d-addc-481e-9f1f-ffd49bf5af64
sym-nand2_4-pin-a,be95e331-433f-4364-b2ef-3b6375dd0a79
sym-nand2_4-pin-b,e43e34e9-7552-44e2-a9c0-7e30b9d11fe8
sym-nand2_4-pin-out,e7c64f38-8b4c-431d-ad0a-d74e2645545d
sym-nand2_4-polygon-1-sym,0e998241-bfe4-4b8d-ba09-425389e1f40d
sym-nand2_4-polygon-2-sym,e95c0881-1cc4-4d27-8ae8-829718847a7b
sym-nand2_4-polygon-3-sym,cd23a577-c0dc-428b-9d1b-db64555d443c
sym-nand2_4-polygon-4-sym,f77784e7-d7ee-4783-a997-dfb6d39dca23
sym-nand2_4-polygon-contour,5a4ad0c9-ab9c-479f-a4ea-df756b49e120
sym-nand2_4-sym,33d9b808-8012-4d57-b6f6-51b360e38ef2
sym-nand2_4-text-name,218f116b-d6c6-4dca-8dff-b95679ef3067
sym-nand2_4-text-value,d719858a-cb76-47fc-9e8c-927dabcb2c9f
sym-nand2_6-pin-a,7eb9a289-1e64-419f-a04d-cf0ed6d4f715
sym-nand2_6-pin-b,460e2848-ebac-40a2-9f4d-4f0fa2b76a87
sym-nand2_6-pin-out,db2f92a7-0db8-46d0-937e-8abe8d5ef2d6
sym-nand2_6-polygon-1-sym,0efadb3b-9915-4343-bf5b-daf758ea9c8d
sym-nand2_6-polygon-2-sym,9bfe85e4-6a69-42c0-b52b-49f72dcc9942
sym-nand2_6-polygon-3-sym,90804eb6-fd03-4146-bc61-bb68d7eed622
sym-nand2_6-polygon-4-sym,d070dc71-2eb3-4cc6-8591-6d1989eec933
sym-nand2_6-polygon-contour,4ba8d92b-8055-418e-8d32-73ce0e72ee2e
sym-nand2_6-sym,6798843c-7e11-40a6-bbe0-c80dd78eb507
sym-nand2_6-text-name,6a82f2a3-5397-4c81-98e7-fa10960ae3bf
sym-nand2_6-text-value,3d24ce7b-5f87-49cb-85c7-50e0abc287e6
sym-nand2_8-pin-a,9b823a88-9626-4978-b7c5-29a1167d3d2c
sym-nand2_8-pin-b,c2cd7e2b-b281-4817-aa41-c77a8864432b
sym-nand2_8-pin-out,e3ce5311-3039-4e9c-9322-17e4b3226b19
sym-nand2_8-polygon-1-sym,2b4c0bc9-f6da-421e-83bb-a4e13d2ac9f6
sym-nand2_8-polygon-2-sym,e29fe158-1934-4f2f-943b-c3447373a1b3
sym-nand2_8-polygon-3-sym,dbe59c5b-cb5b-4fa8-8f27-4464d77986ad
sym-nand2_8-polygon-4-sym,f0de0d47-ae32-40e2-bf8e-ccff83bee83b
sym-nand2_8-polygon-contour,fd606a6a-8228-4a65-b80a-67d5151913b3
sym-nand2_8-sym,be980977-9907-4a03-800e-b050e9576e83
sym-nand2_8-text-name,a68bf33c-ee9e-4388-b2ec-61e4bf9133b0
sym-nand2_8-text-value,7699f2d3-cb47-44d2-b902-5b52e0ae1328
sym-nand2_dm_4-pin-a,eec34ae9-e62c-48ca-a31f-e342ecac668f
sym-nand2_dm_4-pin-b,b0e56074-ff8f-4720-b417-22a415e266bf
sym-nand2_dm_4-pin-out,ae2e8257-6cc2-4965-aeb1-ecd1844c47ba
sym-nand2_dm_4-polygon-1-sym,597b29bf-8c4a-47ff-9873-44885eb32166
sym-nand2_dm_4-polygon-2-sym,e0806a18-f988-4cb5-b0a1-1605764ec40c
sym-nand2_dm_4-polygon-3-sym,96bb83d4-ce74-486d-8c22-b3448a54f44b
sym-nand2_dm_4-polygon-4-sym,1c5ec11a-1156-4bc5-b706-05f2e8936627
sym-nand2_dm_4-polygon-5-sym,dcfac6ac-a958-4fa7-881e-1c78c303b8c4
sym-nand2_dm_4-polygon-contour,6285d5e6-fa80-485e-b79e-4218606d71f4
sym-nand2_dm_4-sym,152d9f9d-3bfd-484e-bab3-3e7cc9d57707
sym-nand2_dm_4-text-name,7054a34d-8cf0-426e-a393-6a9fc5826a44
sym-nand2_dm_4-text-value,3bb5c45b-4e15-4fee-ba17-9875a7f76c2f
sym-nand2_dm_8-pin-a,98f71f8c-267b-404e-b330-c95ed76410d7
sym-nand2_dm_8-pin-b,1cdfb4dc-05ef-482f-a932-a4546abdf164
sym-nand2_dm_8-pin-out,bf4ab288-c8a7-4ed5-ba3e-b67c568d4c4c
sym-nand2_dm_8-polygon-1-sym,9cd38fe3-fb29-4c30-afa5-e3d4b0a88052
sym-nand2_dm_8-polygon-2-sym,2afe0280-5771-46a6-b927-1cd941a08bcf
sym-nand2_dm_8-polygon-3-sym,64763419-6c96-471e-bb22-88dbef0418f0
sym-nand2_dm_8-polygon-4-sym,2c72b1c3-97f0-410a-8d57-df8e2cac0580
sym-nand2_dm_8-polygon-5-sym,e0600bce-8448-4cfb-a3d3-18b10d2fd763
sym-nand2_dm_8-polygon-contour,6b45cebb-736e-4166-b51d-91f809ce9fc9
sym-nand2_dm_8-sym,89f0fd74-1964-4c78-b68c-6717b6864f34
sym-nand2_dm_8-text-name,e06e70b8-0da9-468c-b423-dfa058c94958
sym-nand2_dm_8-text-value,bbb91e2d-3035-4c96-87c9-f353e9446de8
sym-nand3_4-pin-a,06f663d5-3d96-4aa6-9951-84e4ba6d1164
sym-nand3_4-pin-b,cfa5a5dc-d41e-427a-bcd3-e57d90ff8687
sym-nand3_4-pin-c,881d6e35-4a01-4f9b-b5f0-a58551dce61e
sym-nand3_4-pin-out,2f86dece-ae73-43d0-b3fe-7c799c02ff55
sym-nand3_4-polygon-1-sym,314e356c-68e8-4129-82d1-9ae0d94a8f60
sym-nand3_4-polygon-2-sym,d856162c-6d67-4827-8ba8-484277020c00
sym-nand3_4-polygon-3-sym,02500908-fd1d-4869-8ec1-9fa05ddab964
sym-nand3_4-polygon-4-sym,4d73cef6-c481-411e-826a-899ae574ad94
sym-nand3_4-polygon-5-sym,c38f3850-60d8-40b2-9b8d-3a803d36e0d2
sym-nand3_4-polygon-contour,f410c182-ad05-47da-9eec-24ac6d9f84d7
sym-nand3_4-sym,28a55165-1447-45b3-a5a8-f3071db2d4ec
sym-nand3_4-text-name,d70ff16b-1826-4306-9953-4d53a8c2913f
sym-nand3_4-text-value,392db30b-248e-44fa-a2f4-84e026202081
sym-nand3_8-pin-a,a7fe9eac-8d22-448c-b710-d5df62e9ad49
sym-nand3_8-pin-b,98e47102-1c2b-4f0b-aa17-33a1d243e59e
sym-nand3_8-pin-c,6fab44ec-f742-43e3-9e63-b30d19aa62d9
sym-nand3_8-pin-out,03b7fb7a-c420-4371-8387-acfbebaf3a2f
sym-nand3_8-polygon-1-sym,3cf13412-84a0-43a0-a2e3-1820bf7d6cd5
sym-nand3_8-polygon-2-sym,58e34dec-0311-4a31-874d-5565f20f44fb
sym-nand3_8-polygon-3-sym,b68eff5c-beb0-476d-bf7a-40c25cc1f9b0
sym-nand3_8-polygon-4-sym,9d27e676-f64c-42bc-b45b-9a5348716ec4
sym-nand3_8-polygon-5-sym,bc3650c9-33bd-4b86-9b10-e8484568a45f
sym-nand3_8-polygon-contour,0ce120d4-a092-44c6-b7b2-e3c2b9d216c1
sym-nand3_8-sym,8e831381-b3e0-4b51-bc2b-fd1a27c8861b
sym-nand3_8-text-name,bd62c812-80d7-4e4e-ada9-d44bfdea297d
sym-nand3_8-text-value,cb00d927-b927-4e2f-88ac-4c4e9f8f1361
sym-nand3_dm_4-pin-a,5f1a4d42-bd2e-4189-a8b5-d47d6c6148a3
sym-nand3_dm_4-pin-b,eaac20cd-e135-41a4-9085-96db4fcc9212
sym-nand3_dm_4-pin-c,2ff60ea4-7afb-4549-bda7-6c19521e8ca5
sym-nand3_dm_4-pin-out,71a0b42c-f952-4dfd-ad6b-f8706356b130
sym-nand3_dm_4-polygon-1-sym,c2df9971-a6dc-4dfc-bd49-18c1070bad13
sym-nand3_dm_4-polygon-2-sym,f495770a-3a9f-430f-8591-3ad1df3554db
sym-nand3_dm_4-polygon-3-sym,2f656c7c-b6de-4aec-8c8b-b54ad9eb336a
sym-nand3_dm_4-polygon-4-sym,483acd45-01ba-4c19-b9a3-cf9c4f7fb0bc
sym-nand3_dm_4-polygon-5-sym,be140e67-b614-4373-89e7-5bff67a944f6
sym-nand3_dm_4-polygon-6-sym,9fb791f2-257b-4db6-af4b-6425bbdbe817
sym-nand3_dm_4-polygon-7-sym,2c9a7162-6d6e-4dcc-8381-83cb326d11ba
sym-nand3_dm_4-polygon-contour,6238b46c-7bc8-40be-af9a-5e84a02772b5
sym-nand3_dm_4-sym,613c175e-ad55-4544-bc53-76520f91162b
sym-nand3_dm_4-text-name,1e78aa79-2000-4c61-a014-b9860a70d950
sym-nand3_dm_4-text-value,ee8a20ef-2f81-4f4d-88d6-6c9e5fb10db1
sym-nand3_dm_8-pin-a,18dede3d-a11e-4041-950e-139ed66757a4
sym-nand3_dm_8-pin-b,937974e1-7256-4478-87e3-e09ab80ceb53
sym-nand3_dm_8-pin-c,91333fa2-ef88-4401-bcd9-f0a0d9b3a6a9
sym-nand3_dm_8-pin-out,78ae7a5c-bb65-416c-97b3-597e09155fe0
sym-nand3_dm_8-polygon-1-sym,c3b1782b-c4ad-4852-ab6f-e618b07388b2
sym-nand3_dm_8-polygon-2-sym,c412ed3c-7f4c-4bec-ada6-b1d1fb509580
sym-nand3_dm_8-polygon-3-sym,7dfb485b-8479-449b-90cc-622cd072612f
sym-nand3_dm_8-polygon-4-sym,5d659ee0-32de-441b-9482-8a676b696ca9
sym-nand3_dm_8-polygon-5-sym,d9197424-6af2-48bc-821d-49a872171f3a
sym-nand3_dm_8-polygon-6-sym,1f8b41d7-a587-491d-a2b6-7fe440de545a
sym-nand3_dm_8-polygon-7-sym,54ff8ed4-2c38-4914-ad58-03187ca9c8e8
sym-nand3_dm_8-polygon-contour,7b7bb599-5460-4679-94a2-6445e71baeac
sym-nand3_dm_8-sym,3e0703e0-7450-4fba-bb29-548a2cd990db
sym-nand3_dm_8-text-name,1a42a73e-aa9c-4c64-a5bd-a059e3e3b37c
sym-nand3_dm_8-text-value,d77b97e7-b4b5-4c7b-a5a1-8cfc2f7c8aec
sym-nand4_4-pin-a,56c16b0a-cb32-4bfc-b616-06cb57f681b9
sym-nand4_4-pin-b,e91835d5-69d4-4bc8-ad5f-958e036fda41
sym-nand4_4-pin-c,ba9178bc-755a-4aae-8f29-87329c6fb54a
sym-nand4_4-pin-d,2a7b6b44-fee7-4986-9c40-66fad489c853
sym-nand4_4-pin-out,84bbfbb9-e09f-4e34-8289-398904ec2667
sym-nand4_4-polygon-1-sym,37718e0c-a3fd-4b2a-9e7f-4d20e8b7f5eb
sym-nand4_4-polygon-2-sym,7d4b72c1-4ae6-48d4-8022-bbad7f1d1ba9
sym-nand4_4-polygon-3-sym,18919f21-984f-45e0-b952-0c2ec0fb559a
sym-nand4_4-polygon-4-sym,07e5acbe-c7e3-4f75-b43b-0bdc9438909e
sym-nand4_4-polygon-5-sym,cca608d3-18b1-4126-88ba-8d82b90ea5ef
sym-nand4_4-polygon-6-sym,371b8863-5aaf-4ff2-b659-5e6c8c5b0d2a
sym-nand4_4-polygon-contour,e60dde76-6c08-4994-9264-84095a889b2e
sym-nand4_4-sym,08c3f893-d142-4d8a-ab39-2478cfe67e92
sym-nand4_4-text-name,61dc2eb7-d561-4cfc-9693-ccfe8bb45458
sym-nand4_4-text-value,24a10c7c-c155-49ab-9948-ec7cd1e89eec
sym-nand4_8-pin-a,bac368d4-1ea8-4f14-971a-cdf0253a0161
sym-nand4_8-pin-b,f4a2e898-a161-450a-bb82-132156fd13da
sym-nand4_8-pin-c,5ddd12dc-66fc-4aaa-bac2-c23a8807a88b
sym-nand4_8-pin-d,35855d22-7d43-4222-b32e-b8a5a59c9ff6
sym-nand4_8-pin-out,3c866e1e-423d-4da6-b72f-b53808952160
sym-nand4_8-polygon-1-sym,c64f1aa4-f4b4-4c6c-b079-a3607e53bcc1
sym-nand4_8-polygon-2-sym,bca55ffe-603c-4a31-960d-35cd0bcebba0
sym-nand4_8-polygon-3-sym,98872116-5636-4952-9331-a5adc62f2a82
sym-nand4_8-polygon-4-sym,83c7177d-9116-4283-a485-706d6b99243d
sym-nand4_8-polygon-5-sym,148797b1-5e7e-4b78-b75f-b9e3407588a5
sym-nand4_8-polygon-6-sym,896f8401-f51b-47f9-97ba-5226ece7d903
sym-nand4_8-polygon-7-sym,629d9d57-1d97-4940-8154-7f1dc90dbdca
sym-nand4_8-polygon-contour,4c6e1517-b286-496e-879f-88eaeba21f8f
sym-nand4_8-sym,95bcc0ac-3ed3-4221-a009-e230803ed659
sym-nand4_8-text-name,5e6739e5-8e29-4bbc-a610-7bd7e35e42c6
sym-nand4_8-text-value,ba8d0ceb-6f30-4146-be4b-35b4d9090584
sym-nand4_dm_4-pin-a,ea49ccc0-8b37-4ef0-95cd-630cdc611ad8
sym-nand4_dm_4-pin-b,c51f7665-708b-4220-9ae5-1659864af8bd
sym-nand4_dm_4-pin-c,5b62e8d6-7455-4b7d-8f23-96c9ce46432e
sym-nand4_dm_4-pin-d,33fb056e-0220-4dd0-a997-77385b182167
sym-nand4_dm_4-pin-out,3666ac6b-8c86-4424-8c38-621a3edbac34
sym-nand4_dm_4-polygon-1-sym,033e40c0-22b4-4f77-b9ef-267e7215ed5e
sym-nand4_dm_4-polygon-2-sym,c5cf1832-2699-4f09-8377-46953cc3d01f
sym-nand4_dm_4-polygon-3-sym,f4346ad0-7393-4087-a8d7-9a3a82d71cd7
sym-nand4_dm_4-polygon-4-sym,0a563032-16ee-4d03-9cb3-45178ec26a68
sym-nand4_dm_4-polygon-5-sym,8df96376-a805-4fe6-a8b9-b938572dfb1d
sym-nand4_dm_4-polygon-6-sym,344e46e2-5d9c-4bd1-b2cd-c94abaca881b
sym-nand4_dm_4-polygon-7-sym,e13b660e-042c-495f-b413-289f5cca7e73
sym-nand4_dm_4-polygon-8-sym,4763f508-8f33-4d69-88bb-45a1d070bf08
sym-nand4_dm_4-polygon-9-sym,895a8035-4515-49a4-a76d-78fbe5260dbe
sym-nand4_dm_4-polygon-contour,8d550747-8671-4325-89ee-f521851ef48e
sym-nand4_dm_4-sym,5cbc9361-9d4d-4e85-9aa4-a563c8b2bfeb
sym-nand4_dm_4-text-name,6fb6f3a8-b468-455a-88db-14173ec83f54
sym-nand4_dm_4-text-value,40dbb856-e8e2-4d5e-8b2a-ea4a49b3cd9f
sym-nand4_dm_8-pin-a,62bcf75d-6520-44b6-b1d2-c3dcdf97fe8a
sym-nand4_dm_8-pin-b,247c9d34-32e3-4a8f-8bae-1d7d87271ce6
sym-nand4_dm_8-pin-c,b86aacc5-c65f-4f8f-baa6-e359da654af1
sym-nand4_dm_8-pin-d,5111b46e-e410-44a2-a593-4355b20ee45a
sym-nand4_dm_8-pin-out,f7a857a9-e65f-4777-b0a1-2e4fca27c6cd
sym-nand4_dm_8-polygon-1-sym,30aa7ac6-2116-420f-b275-4ea689571702
sym-nand4_dm_8-polygon-2-sym,2bda436a-4b3f-4d22-a9eb-8fdf00111ca8
sym-nand4_dm_8-polygon-3-sym,d0eb0d26-0458-4f2a-a612-e23cc0c13945
sym-nand4_dm_8-polygon-4-sym,e10c5aaa-6148-433a-a01d-48f69aec6861
sym-nand4_dm_8-polygon-5-sym,447a86e5-80fe-4135-b17c-b4e08928b83e
sym-nand4_dm_8-polygon-6-sym,d06238e6-8941-47c4-b785-479a67870850
sym-nand4_dm_8-polygon-7-sym,42a84eb4-117b-4b56-9eba-41bed4f60602
sym-nand4_dm_8-polygon-8-sym,69a5a52b-982e-493a-b553-a7793f32bd10
sym-nand4_dm_8-polygon-9-sym,54ee44e8-6edc-4267-9ea6-f9541bb9bf22
sym-nand4_dm_8-polygon-contour,ce9fa492-d028-4716-8092-7d59b0ed6109
sym-nand4_dm_8-sym,e2c2b229-c779-424e-86e7-9c6f198f47ae
sym-nand4_dm_8-text-name,51287de6-1701-49f5-9310-10bd3671270b
sym-nand4_dm_8-text-value,9f57be3b-4b26-4f05-8b5f-28ebebd574bd
sym-nand6_4-pin-a,798b2cd9-12e4-4736-9aa3-5faab776dc5a
sym-nand6_4-pin-b,981ed111-256c-4fc3-8d93-09cca2967cef
sym-nand6_4-pin-c,fd5582d8-3a50-46b6-ae01-c34224f33f00
sym-nand6_4-pin-d,0b68c257-df6d-414f-9b04-7f645d44bbe9
sym-nand6_4-pin-e,f507c76c-9771-49d2-ad0b-88a5ce8caa97
sym-nand6_4-pin-f,b55d8b08-0391-4b68-9a9d-633b928e409b
sym-nand6_4-pin-out,374d6462-304a-4630-92f3-c6fbfcfa3a88
sym-nand6_4-polygon-1-sym,b69759fe-55ff-4a81-bda7-d49cbc07b188
sym-nand6_4-polygon-2-sym,ec591007-5c3a-4a55-aeb0-ef49da7972ff
sym-nand6_4-polygon-3-sym,fc83dfb9-850d-469e-869d-5456fce5a630
sym-nand6_4-polygon-4-sym,9047dae6-f7b2-4b43-bbcd-44ef1f345804
sym-nand6_4-polygon-5-sym,7e7df0f8-d60d-4eb1-bcca-9c3a3639b432
sym-nand6_4-polygon-6-sym,c993a824-2c0f-43d4-b1ae-48af77477091
sym-nand6_4-polygon-7-sym,a887bd74-4b77-4fd2-8889-2edcd82bfd77
sym-nand6_4-polygon-8-sym,6ff9fa9f-ced4-4faf-ae71-19f1f08a57b0
sym-nand6_4-polygon-9-sym,67d3cd41-8cc0-43d9-b4a1-2f7cfbb165c0
sym-nand6_4-polygon-contour,da8fa4be-052d-4dca-861f-3bd774fce07e
sym-nand6_4-sym,c469e1ba-bc52-4934-8d2b-cd9a29cfbd86
sym-nand6_4-text-name,0f371729-0e21-4c13-bad2-7ab16216b67f
sym-nand6_4-text-value,fe62ef58-3b1e-4aa6-9f63-5d0a7e6784f1
sym-nand8_4-pin-a,6b979c5e-e972-4a3e-8959-7f4ead57ff90
sym-nand8_4-pin-b,8181b9f0-81d4-4e48-89f1-964df4880df6
sym-nand8_4-pin-c,999331fe-cb68-4b31-b6e5-1375920b66ab
sym-nand8_4-pin-d,a96acdf7-2e5c-43c3-abd2-0e7269629563
sym-nand8_4-pin-e,b92a84f9-3f51-453c-8f78-fae54d23857c
sym-nand8_4-pin-f,5fd50677-1b7c-4803-8d06-d6ff1751bec8
sym-nand8_4-pin-g,8201125c-6d34-49d2-8705-1d677d061ab1
sym-nand8_4-pin-h,7c208d8b-b894-47a2-ae11-681d1a74f1f3
sym-nand8_4-pin-out,36ffb0c7-18be-4ecb-bf87-3a6b653ae741
sym-nand8_4-polygon-1-sym,1e592ed5-b133-42e2-8de5-ec720368d6b9
sym-nand8_4-polygon-10-sym,b88087ac-9ac8-44b3-8d44-d7404150cd65
sym-nand8_4-polygon-11-sym,b9f67a9e-bc3f-4c09-868b-d5ca4156496b
sym-nand8_4-polygon-2-sym,d7c98884-4568-4be3-b5e6-8858473a4898
sym-nand8_4-polygon-3-sym,1203883a-8ecb-40a5-8508-5bda9092e7a9
sym-nand8_4-polygon-4-sym,f245c9ea-ae00-4959-b72b-00e57cbda9ab
sym-nand8_4-polygon-5-sym,034f2383-358d-4602-8a37-ff960069bd0e
sym-nand8_4-polygon-6-sym,e43426cf-ceef-46a7-9f8c-67699c622445
sym-nand8_4-polygon-7-sym,a241bbf6-422a-46d6-bfa9-ef4807a9f3ef
sym-nand8_4-polygon-8-sym,1ddb8789-6fe6-406b-9c02-8521df421518
sym-nand8_4-polygon-9-sym,1bf8dcbc-4fce-417c-9ad1-7de1ec3e98b2
sym-nand8_4-polygon-contour,3dca6b07-dacb-4aa7-a82a-5bb8796b42da
sym-nand8_4-sym,f49baafe-3fdb-42c8-9481-577183e5c2ab
sym-nand8_4-text-name,0fbc711f-b4f5-48e4-b767-37d93dd32ebc
sym-nand8_4-text-value,09d2fc92-afaf-44cb-968b-eb3c8a739a14
sym-nor2_4-pin-a,e109a99f-ce9f-420e-a709-fdb2ba61237c
sym-nor2_4-pin-b,490454ab-f15e-493e-8643-bed4550eba50
sym-nor2_4-pin-out,c301e5eb-5da4-4c88-9882-54f8a83ffe2d
sym-nor2_4-polygon-1-sym,ef0c6868-02be-468e-ad88-280ff84eb255
sym-nor2_4-polygon-2-sym,e8e9b2ac-6c9e-4018-805d-fb80de6e2b4c
sym-nor2_4-polygon-3-sym,2c5e92cb-62d2-4e3f-8cca-6605e4479eca
sym-nor2_4-polygon-4-sym,6dc7d006-0245-4d07-8df7-ccc9ef0c6bad
sym-nor2_4-polygon-contour,9a38485c-4c6b-4fde-91ee-31e1237c85a0
sym-nor2_4-sym,473abaeb-575b-4c0e-a3d9-fbb3f7447832
sym-nor2_4-text-name,e4be109a-915b-45cf-984e-a64931a5aae0
sym-nor2_4-text-value,8bf78a6d-8430-488c-a66e-728e1dbcca3b
sym-nor2_6-pin-a,7fe902c5-3c5f-4a80-9b52-b0510108959c
sym-nor2_6-pin-b,00f6ec28-0459-45f0-9b94-224a587f497a
sym-nor2_6-pin-out,3518b705-c15c-499c-a97f-6f4f51ec4c7f
sym-nor2_6-polygon-1-sym,a6e08626-0d4d-49c6-a7e5-573941b44194
sym-nor2_6-polygon-2-sym,09725a88-a159-400f-901b-70df0476b0cd
sym-nor2_6-polygon-3-sym,17e53242-62c2-4b0d-ad8b-c4697e032fca
sym-nor2_6-polygon-4-sym,152df7cc-86b5-420a-aff0-83507d93b65d
sym-nor2_6-polygon-contour,796b230a-cb82-4243-95f3-557bf10a47a4
sym-nor2_6-sym,8068c149-5241-4fb3-a6c2-b1c66cc6514d
sym-nor2_6-text-name,c33b97de-719e-4a2d-b068-d2ff53013f37
sym-nor2_6-text-value,0409677f-6ce5-42aa-8d7c-4ac50e6dca0f
sym-nor2_8-pin-a,0268be05-4136-4786-bfc9-dd0154711e74
sym-nor2_8-pin-b,93cfec98-c535-4f37-bdb8-49fb64dabae0
sym-nor2_8-pin-out,a3e964ae-40e4-400c-8cc3-200b5deb9a0d
sym-nor2_8-polygon-1-sym,3b851473-c5dc-479f-b9a7-69dcad079ed0
sym-nor2_8-polygon-2-sym,2243a715-b6ef-495f-a787-f7fe0ebb4c49
sym-nor2_8-polygon-3-sym,d0b95f99-d1a1-4c02-a492-2db6974e921c
sym-nor2_8-polygon-4-sym,e965fd86-4037-4606-88c0-6bf3db4f0dcb
sym-nor2_8-polygon-contour,7556f645-597b-4df6-a43c-99bcd3ed5b03
sym-nor2_8-sym,ac8a8bbe-8b59-4f51-b36d-4927ae7025a2
sym-nor2_8-text-name,253e394c-524e-4b3d-aad1-70a51087260b
sym-nor2_8-text-value,c03fd3fe-7bbf-4be8-9c17-3de0858cdd94
sym-nor2_dm_4-pin-a,64ad7a3d-4e73-4b64-986b-f5ea2fc50a10
sym-nor2_dm_4-pin-b,7dd5253d-e8e2-4004-affa-fa1a218201e0
sym-nor2_dm_4-pin-out,626b2d49-f909-4ca7-a724-7c5a1e2ba041
sym-nor2_dm_4-polygon-1-sym,b6d6cf1c-b551-44fc-beaf-3d908b83271d
sym-nor2_dm_4-polygon-2-sym,30da6554-8397-45ea-bfa2-cbbdbde4df92
sym-nor2_dm_4-polygon-3-sym,0e7a5dca-e041-4282-bc3b-1be6d60efee9
sym-nor2_dm_4-polygon-4-sym,bdd15f8f-4fd9-41d0-99aa-1232ddab2661
sym-nor2_dm_4-polygon-5-sym,5d7def28-6968-4ae0-8d8f-b07dd8600a5c
sym-nor2_dm_4-polygon-contour,50037951-2028-4f13-8514-6886229860f2
sym-nor2_dm_4-sym,4d3cebd7-cb78-4de3-b8c8-13debd98b505
sym-nor2_dm_4-text-name,e79ae0f0-7951-4248-b60b-2d7b9e1c4a09
sym-nor2_dm_4-text-value,5ac66a60-b0bc-49f1-9197-bcacc3c448e1
sym-nor2_dm_8-pin-a,e65c2484-f75f-46f4-87ba-ef5be0fe33b0
sym-nor2_dm_8-pin-b,b7678ba7-4c5e-40fd-9b11-8c49a5fe7221
sym-nor2_dm_8-pin-out,26c646ee-a222-49b0-b04c-8a58bccaf5b6
sym-nor2_dm_8-polygon-1-sym,be00ef99-a1a5-4d28-85e9-4b0971e76dc5
sym-nor2_dm_8-polygon-2-sym,9ed91be1-0cf1-4e8b-9538-a312f09d8816
sym-nor2_dm_8-polygon-3-sym,a6ae2f68-08cb-49bf-a63c-325eba1aacf8
sym-nor2_dm_8-polygon-4-sym,76118012-7816-4fe0-9608-d84dffc47b59
sym-nor2_dm_8-polygon-5-sym,d821f66f-00a2-470f-9701-8ae523cc94b6
sym-nor2_dm_8-polygon-contour,588a49e2-2756-49fb-9a14-46728dc5e26c
sym-nor2_dm_8-sym,ff55295b-5b80-4eb8-b5ef-76ac359acddc
sym-nor2_dm_8-text-name,3b3ca633-29b0-4071-9744-077c37505f03
sym-nor2_dm_8-text-value,4e06443d-369b-4bb2-84a3-a754184f02d1
sym-nor3_4-pin-a,056a6e21-8ea5-4c35-88d4-041c46093b93
sym-nor3_4-pin-b,96a4801e-ddbc-43f9-b03d-69dee1e17e5f
sym-nor3_4-pin-c,1fec1a57-ad31-40d0-bee8-ebd4ffb7a17f
sym-nor3_4-pin-out,470ceee7-f087-4bdc-a76e-68aca2c852bf
sym-nor3_4-polygon-1-sym,dbc25def-d74b-4f90-895a-53e369f2d8e4
sym-nor3_4-polygon-2-sym,55561e4d-327d-4e99-af17-99721d6b9f08
sym-nor3_4-polygon-3-sym,698d6311-edf6-42ff-8fd7-f2a8a0cffc9a
sym-nor3_4-polygon-4-sym,ce603b14-0724-45dd-a387-35cf39ae69f1
sym-nor3_4-polygon-5-sym,6ed7aeed-ce49-4c16-aa8e-024a967fdcc0
sym-nor3_4-polygon-contour,5a71268e-81c7-4eb2-9b31-1db1193b28bf
sym-nor3_4-sym,ef2fbe95-83f8-4b88-8fb0-f136ccb4fef8
sym-nor3_4-text-name,cfc9e02e-0e46-4cf3-8e79-47aaa760de29
sym-nor3_4-text-value,d4bc55ae-ce67-4f5f-932c-a0e881cfea90
sym-nor3_8-pin-a,e178fdaa-2b8f-480d-901e-4c1247629d9c
sym-nor3_8-pin-b,4dec14f6-d65a-43bc-baa7-04febf32c3b1
sym-nor3_8-pin-c,5313d57e-6a8a-4265-96f5-53009680845d
sym-nor3_8-pin-out,dcc02552-ed24-4954-9c8f-70717b465eb8
sym-nor3_8-polygon-1-sym,c0a85c6a-6d40-490a-918a-7baa3d8a205e
sym-nor3_8-polygon-2-sym,4cedd4d2-da72-4481-ab45-1cba6a9bdad9
sym-nor3_8-polygon-3-sym,8ffb1332-c8e9-427b-b8a8-9f444917f282
sym-nor3_8-polygon-4-sym,fd9f35bd-dcbc-4de8-ac6b-b545bfccdff7
sym-nor3_8-polygon-5-sym,d4d95ff3-51b3-49ae-9680-b73c5b45b90e
sym-nor3_8-polygon-contour,ae2b3d89-cacb-419c-bf53-82116f4fa34c
sym-nor3_8-sym,0baeb161-2ebb-4100-898d-613f27371a6e
sym-nor3_8-text-name,b6adcd80-2e9e-413c-9e7c-129062686fdf
sym-nor3_8-text-value,7d8605f1-e588-4c60-bfaf-67fe4e320dab
sym-nor3_dm_4-pin-a,4210154e-151b-49f4-8121-0b7caa8abc3e
sym-nor3_dm_4-pin-b,b0d43f15-1e4c-44bc-bf53-20f53e53b44b
sym-nor3_dm_4-pin-c,6611212a-e146-4a93-8143-4fb1b5edd09a
sym-nor3_dm_4-pin-out,7732783b-1eeb-4ccf-8bda-0c0607a24ada
sym-nor3_dm_4-polygon-1-sym,7834c8a8-2dda-42ec-901e-2ad9c9ef0589
sym-nor3_dm_4-polygon-2-sym,8421edda-2f0e-45a6-bdf3-222a0b164df3
sym-nor3_dm_4-polygon-3-sym,2d109551-9e7d-4539-ab67-0b886fa5933c
sym-nor3_dm_4-polygon-4-sym,9231f89e-066c-42e9-bb15-896a87ca7cd7
sym-nor3_dm_4-polygon-5-sym,1a94a456-6000-4f02-95d5-35400f5d4d6f
sym-nor3_dm_4-polygon-6-sym,3cfa465c-759f-4f11-b5b4-b99e29ac92a1
sym-nor3_dm_4-polygon-7-sym,eb549ecd-a1e0-4131-b823-ceb02e0f96ec
sym-nor3_dm_4-polygon-contour,485f6870-7d4f-43e3-9384-ac14e0c21c0a
sym-nor3_dm_4-sym,b0e97ab7-5b35-4a59-9334-a2fdc9c98eee
sym-nor3_dm_4-text-name,52489579-e001-4f89-baa7-acb6506d3e7a
sym-nor3_dm_4-text-value,c6009cb4-dc62-4427-9164-1bae1ad9973c
sym-nor4_4-pin-a,c0f1ca1e-e962-475e-a987-cd90fe6876b2
sym-nor4_4-pin-b,ff60d6ca-52f5-4511-a8ad-2d498255ec9d
sym-nor4_4-pin-c,5107397e-2577-4fef-9199-42aa4d77f121
sym-nor4_4-pin-d,227276fd-aa58-4a05-a316-29b533e9a1d7
sym-nor4_4-pin-out,9eda3dae-36e1-4f36-a7a7-448d0db3b0be
sym-nor4_4-polygon-1-sym,40f54a76-664b-4b90-b822-79ecc3e046af
sym-nor4_4-polygon-2-sym,25861d54-23f9-4281-9e88-026fc12ef138
sym-nor4_4-polygon-3-sym,35ebbaac-2547-4cd5-8d0d-ef4f4e79d6b0
sym-nor4_4-polygon-4-sym,f7edf099-3eb0-46c2-8d34-9e62d6ca368e
sym-nor4_4-polygon-5-sym,1a381088-43a0-4257-bb9f-188156550695
sym-nor4_4-polygon-6-sym,563cab3c-5544-412e-a7b4-0f4900f5f9d7
sym-nor4_4-polygon-contour,32839875-96df-4225-b75f-fe6d2f852e33
sym-nor4_4-sym,d6072c19-e8de-4cf1-9e9d-3c4a3a5710b2
sym-nor4_4-text-name,b1ad8419-be28-44f6-ab07-dd19e4643665
sym-nor4_4-text-value,efa231ff-5cc2-4bc0-b22e-15c3157f9313
sym-nor4_8-pin-a,e97e41d9-3585-4e98-ab60-20b48a536a80
sym-nor4_8-pin-b,eea07d6d-ee45-4dc1-ba65-e6688f13e29f
sym-nor4_8-pin-c,c14a1385-9805-4ecf-9f0d-014f5097cf2d
sym-nor4_8-pin-d,2f99d206-7805-49ce-bbd0-96a291c0f1da
sym-nor4_8-pin-out,7032318f-30a0-4447-86f4-0252083222c4
sym-nor4_8-polygon-1-sym,e5342072-93ab-48d7-a454-91f75ef4446b
sym-nor4_8-polygon-2-sym,a3975800-1920-4f0d-9756-2a1cb3e70b91
sym-nor4_8-polygon-3-sym,d6bd8234-cbee-46af-b189-6cfe5b37060b
sym-nor4_8-polygon-4-sym,e1f64a93-4f80-4843-b258-b5fd125ae83f
sym-nor4_8-polygon-5-sym,91e3a066-f67e-4aa0-8a7d-921d694a5409
sym-nor4_8-polygon-6-sym,692f36e5-a82f-4692-8736-415a2b62e562
sym-nor4_8-polygon-7-sym,344ae1e1-fb66-4015-99de-f8915180a64f
sym-nor4_8-polygon-8-sym,5ca53d58-f06a-4ad9-8a3a-8627d3bface8
sym-nor4_8-polygon-contour,6e7dc742-9fa8-404b-9b7a-4023b4d44c0c
sym-nor4_8-sym,0e465a71-de9f-41bd-8211-30e44dae03b1
sym-nor4_8-text-name,a743e9fd-fdaf-46ea-a0c9-c7f772531a10
sym-nor4_8-text-value,ac407d7a-7ec5-4327-a80a-24a030ee6b1a
sym-nor4_dm_4-pin-a,dd8e1c94-2f67-49b6-a8d5-9a9aea70bdcf
sym-nor4_dm_4-pin-b,2bbd8d9d-97cb-4584-b66a-7f3b5f5a544e
sym-nor4_dm_4-pin-c,9cfa7a4a-68fc-43f8-a5dd-e4ba7a6ccf9e
sym-nor4_dm_4-pin-d,d0f8d4c4-dfbc-43ba-9869-7bc4cebd63f4
sym-nor4_dm_4-pin-out,f35ce24d-200b-492c-95ad-0f8e90f9d3f6
sym-nor4_dm_4-polygon-1-sym,408f486f-2fef-4f9f-aa06-6ea29bc86a15
sym-nor4_dm_4-polygon-2-sym,2ad89f6c-1e94-455c-b163-97320ab9c427
sym-nor4_dm_4-polygon-3-sym,4661b74e-e257-43e3-8e27-304d99ddc1e3
sym-nor4_dm_4-polygon-4-sym,4ce3d555-b209-472a-ad73-b0f4f783f7ee
sym-nor4_dm_4-polygon-5-sym,456547c2-4619-4180-926a-b68bbbc36222
sym-nor4_dm_4-polygon-6-sym,c387c6a2-8549-4660-9be4-804864754010
sym-nor4_dm_4-polygon-7-sym,9f770ed6-d20c-4dc8-8539-894cbc79faf6
sym-nor4_dm_4-polygon-8-sym,cc197fd0-4aca-40f6-b80e-489095e6f730
sym-nor4_dm_4-polygon-9-sym,45ed1537-c90e-48a8-b5b5-353ff46e5699
sym-nor4_dm_4-polygon-contour,7b9e6e55-778d-41a9-adc8-e223dea3c9a9
sym-nor4_dm_4-sym,689a03fb-5d1e-4723-89ac-35dfaf0c2db0
sym-nor4_dm_4-text-name,51ef135c-f405-426e-963b-461364ef30bf
sym-nor4_dm_4-text-value,8c17f279-e8a0-49ab-ad2c-7e782c61b84c
sym-nor6_4-pin-a,5b51028a-2d91-4323-bf04-d8128e7671da
sym-nor6_4-pin-b,961d06e9-13b9-4466-9657-48268c812631
sym-nor6_4-pin-c,2df53a0b-5421-4bee-a9fa-9df2ed118a05
sym-nor6_4-pin-d,4aa0e582-9a07-4445-94ef-86f15cd038a9
sym-nor6_4-pin-e,9964c617-c27c-461b-8586-a1dc9933ba69
sym-nor6_4-pin-f,be3d01cb-9ed9-43fe-8d40-e9caa6e0c57b
sym-nor6_4-pin-out,9e8ec59c-97e8-466d-8eb5-ac5b0c9b9fc3
sym-nor6_4-polygon-1-sym,460a02d0-d46d-4d8a-9e2d-720ae2e5be3e
sym-nor6_4-polygon-10-sym,f66e4b6f-6e99-47c4-88e6-f2a648781c99
sym-nor6_4-polygon-2-sym,2babf10b-9415-4cb3-b8f0-412b65b9897d
sym-nor6_4-polygon-3-sym,f598f008-f1b3-4764-92fa-4237aec9c727
sym-nor6_4-polygon-4-sym,56f810b0-9ee2-41c7-a4ab-940b36e9630c
sym-nor6_4-polygon-5-sym,e4896f1d-3577-4706-90f4-f537b2b63e49
sym-nor6_4-polygon-6-sym,8904af51-825a-422c-9e16-f81aaf6910d9
sym-nor6_4-polygon-7-sym,50e1a1da-1c52-4627-b1f5-495838739522
sym-nor6_4-polygon-8-sym,3f1fd274-983e-4873-b825-a36044c3bfd1
sym-nor6_4-polygon-9-sym,be4ec4d1-090b-4afa-acfd-adf2aee047b9
sym-nor6_4-polygon-contour,ec5a4ec8-4618-4131-ae08-fe5303d7285b
sym-nor6_4-sym,a2de5a17-5c75-4bb6-87cd-4cad0d599d31
sym-nor6_4-text-name,34e21392-209b-4dd7-be3e-16caa852103f
sym-nor6_4-text-value,99f15b54-4186-4409-99e6-f4b52a577611
sym-nor8_4-pin-a,ac204dc5-09db-4ea0-aa2e-1d5581a6eada
sym-nor8_4-pin-b,74d5501a-dec5-411c-bf46-d321a0a644ce
sym-nor8_4-pin-c,0fa28dce-91ab-478d-9bda-74fb034e9aab
sym-nor8_4-pin-d,2eead853-7c40-4c82-94b7-b894d7cefc2c
sym-nor8_4-pin-e,88845528-0945-40e4-91c4-772ec11d7e17
sym-nor8_4-pin-f,eb32593b-7343-4408-b426-0a6fda5d1065
sym-nor8_4-pin-g,17b7b175-3ee4-44e5-93f1-29cf06fd4991
sym-nor8_4-pin-h,4e115651-391e-4e34-a858-78dff157f861
sym-nor8_4-pin-out,01b955c4-f07e-40f1-9eee-60835d84b8b0
sym-nor8_4-polygon-1-sym,a84a3a14-eacd-474b-950f-979ca0ed6d92
sym-nor8_4-polygon-10-sym,c125bb17-249b-4fa9-9e65-14fc3612b28c
sym-nor8_4-polygon-11-sym,62f6615d-9cc3-4986-b06d-f92c57669a7f
sym-nor8_4-polygon-12-sym,5e428e15-ea62-43fa-b34a-4445466f7d54
sym-nor8_4-polygon-2-sym,3c908f49-b322-4d08-a334-4e2cdd93329e
sym-nor8_4-polygon-3-sym,b1344743-0faf-4073-8e58-68da9526c5c5
sym-nor8_4-polygon-4-sym,024f0dba-00c7-47f2-891a-5d8715c3cea9
sym-nor8_4-polygon-5-sym,a14cd2bc-3ebe-4fdb-87d5-530233bab2da
sym-nor8_4-polygon-6-sym,6526b00e-361e-4eab-8194-114e76bc8f4c
sym-nor8_4-polygon-7-sym,e307b95f-204d-47b3-9764-abd2add666f5
sym-nor8_4-polygon-8-sym,0909423d-97d2-44cc-b275-acf11d650ea9
sym-nor8_4-polygon-9-sym,24ae8ee6-3204-413f-afcf-2858763cbd8a
sym-nor8_4-polygon-contour,813ddcda-dec2-4d16-af89-c794f42e07d4
sym-nor8_4-sym,f571c63d-690a-439f-be8a-541ca1eca01e
sym-nor8_4-text-name,5e225e41-b9a3-4c28-a24b-520e5eeb1532
sym-nor8_4-text-value,02fa82bb-d907-4900-a6da-85f356876e82
sym-or2_4-pin-a,586e16bc-e77c-4830-a913-eb1d2ff095f9
sym-or2_4-pin-b,6d09e9d8-2e7e-4ccf-8183-9ce1bf082de7
sym-or2_4-pin-out,cf24f002-2ca2-4584-8cff-576295468e9b
sym-or2_4-polygon-1-sym,151c88ad-8da5-4000-81f7-8be49bee7273
sym-or2_4-polygon-2-sym,f0ebfe60-abea-4729-bbc9-43d2046623a6
sym-or2_4-polygon-3-sym,f1b090f1-9b2e-4540-8edf-6e7072a116df
sym-or2_4-polygon-contour,60f8536a-f80d-4adb-aa5d-9897f804469f
sym-or2_4-sym,1a47e0b2-ebed-499e-9d41-ca98891957d2
sym-or2_4-text-name,75ee292d-6b51-46e8-813e-626381910c56
sym-or2_4-text-value,3dbf3efd-5319-48a9-8157-75ec0de573c5
sym-or2_6-pin-a,532aecc6-c0b4-4110-9e89-f4840c9acedd
sym-or2_6-pin-b,bd100263-0f1e-4070-a47e-c07ed2eb37f4
sym-or2_6-pin-out,47611e34-4ab4-41ea-92ea-4d88a88959ec
sym-or2_6-polygon-1-sym,2980cf2a-47c9-4bdc-9ffa-a0e21c7b8e89
sym-or2_6-polygon-2-sym,98dbc5d7-f35e-41bd-a37c-6b4ae6c2c748
sym-or2_6-polygon-3-sym,9f47fa60-b2ba-481e-8b96-89f7d233825a
sym-or2_6-polygon-contour,d4a84e23-44ac-4163-b171-a71e0d25ffa4
sym-or2_6-sym,27b45855-2a81-4ca3-a56c-efb1d0afd561
sym-or2_6-text-name,cf535e52-55b9-49dc-ae9c-7f312a69722d
sym-or2_6-text-value,15a834db-1f64-4f5a-ae6d-a6f990942eaf
sym-or2_8-pin-a,6df6d259-398b-4f95-a68a-4cb7f64d1bf8
sym-or2_8-pin-b,45d3397c-19d6-40d6-840f-8fc7fbfa34b2
sym-or2_8-pin-out,fd321fec-468a-4645-ac2d-16714b44f2aa
sym-or2_8-polygon-1-sym,60dcd42b-b8a2-4cda-9131-d695e0622f1f
sym-or2_8-polygon-2-sym,bb894d7a-dce7-4501-a662-014e7115314f
sym-or2_8-polygon-3-sym,a673ba4c-9231-4365-afb1-4bf83f682273
sym-or2_8-polygon-contour,c7aa106b-cbf5-4993-b1df-e2ddce41b570
sym-or2_8-sym,d294cf01-9c5f-4273-9095-674f37f0f6cb
sym-or2_8-text-name,941c8d03-15e7-4a34-9bde-0f367947a522
sym-or2_8-text-value,9c51c7f9-9aee-4b43-b624-e168c963dbea
sym-or2_dm_4-pin-a,b28cf13b-4f30-430d-b185-2ad0caf49215
sym-or2_dm_4-pin-b,67db14bb-28bf-4aa0-8548-f1a199a0d979
sym-or2_dm_4-pin-out,1c432d13-30bd-4809-acf9-3c183d8f2bf9
sym-or2_dm_4-polygon-1-sym,7c7a486c-1892-46da-ba4b-e45d8af2199e
sym-or2_dm_4-polygon-2-sym,561b6a3a-3421-4dad-b613-85bd351766c3
sym-or2_dm_4-polygon-3-sym,f439ab01-6b0a-4601-9639-95c5beb1376e
sym-or2_dm_4-polygon-4-sym,dd56bee5-e92d-4611-9300-f45f2ca6c5ec
sym-or2_dm_4-polygon-5-sym,ef9c08de-70dc-47e0-a074-bd6e19bf01ee
sym-or2_dm_4-polygon-6-sym,6bf91a1a-e590-4ab8-b476-4ba71ed87f82
sym-or2_dm_4-polygon-contour,96d3e365-063c-4ff5-9564-a87c8d76e4b7
sym-or2_dm_4-sym,34678761-2da2-40f0-b5f2-85c665bd3b05
sym-or2_dm_4-text-name,a588e715-e535-492c-b993-45edab3bf6d5
sym-or2_dm_4-text-value,5e9a2e5c-d319-404f-b654-b80d0b26a182
sym-or2_dm_8-pin-a,de4a5093-1f51-4843-b970-6cede57936af
sym-or2_dm_8-pin-b,6eadfe40-842d-402a-a395-c332865730d1
sym-or2_dm_8-pin-out,070fe6be-ef57-4326-862c-e26ba4e5f54b
sym-or2_dm_8-polygon-1-sym,430e66bc-6236-4406-bf2e-a327223be2ce
sym-or2_dm_8-polygon-2-sym,5ddb1f1d-ffb1-4253-8f39-a6f8cb0829fb
sym-or2_dm_8-polygon-3-sym,0e5447af-635a-4279-88b2-3e699a584e0d
sym-or2_dm_8-polygon-4-sym,a22446bc-16d5-459a-bd99-5e13af0d3257
sym-or2_dm_8-polygon-5-sym,bec9bba6-fdc2-4bc8-9b14-f72bc703f405
sym-or2_dm_8-polygon-6-sym,7500607a-a975-401d-9e52-c9d5465f9237
sym-or2_dm_8-polygon-contour,a6307bb0-ecca-4c17-bf45-5a8679e78ac7
sym-or2_dm_8-sym,851db818-df67-4046-9219-c9b910665655
sym-or2_dm_8-text-name,77fb0b7b-e0aa-47fe-9cbd-edd43ef9fe89
sym-or2_dm_8-text-value,20593adc-ff85-474d-a9e5-1ee112a301c5
sym-or3_4-pin-a,a98e718f-b758-4b52-9c8a-43f2fec546dd
sym-or3_4-pin-b,2e382d83-0091-4a4c-bbd3-9327d85e0d41
sym-or3_4-pin-c,4fb9627b-000e-4898-bcc9-b2fc9394a986
sym-or3_4-pin-out,ece5fa56-7d48-4832-8f6a-94951e4377bf
sym-or3_4-polygon-1-sym,11858bbd-7439-4dae-a01b-8a25a6a69f56
sym-or3_4-polygon-2-sym,fe624240-9990-4f45-9be4-f113f7fb7ae7
sym-or3_4-polygon-3-sym,7134df2e-d7ba-41f3-9c73-b41ba182c4e2
sym-or3_4-polygon-4-sym,a88c72a7-4240-446c-b159-cab533cb000c
sym-or3_4-polygon-contour,7a62e951-ee13-4f83-9abf-30cf2b0c8f6f
sym-or3_4-sym,687cc1b5-d1da-4eb9-af0b-55c620bbf72b
sym-or3_4-text-name,ea863938-ed78-4ed0-8ecf-3ca7310145f4
sym-or3_4-text-value,51342626-30f2-4bea-bbe0-9706c89cf2c6
sym-or3_8-pin-a,08ad2a5f-7a39-47a9-83b6-8b5c6bec6870
sym-or3_8-pin-b,e6085e57-6680-4b5c-a413-cf13f8e2be64
sym-or3_8-pin-c,db829c66-6c54-4a98-ac51-dee370b504e0
sym-or3_8-pin-out,d10eb37e-9716-421b-81ac-3740a3762d8c
sym-or3_8-polygon-1-sym,532f934c-0d2a-4f15-9b62-790cc988eadf
sym-or3_8-polygon-2-sym,cc8916b5-c2a6-423f-bcbb-60aaaf25ba65
sym-or3_8-polygon-3-sym,0e04733c-4af1-45c7-949b-ccbbdab3be66
sym-or3_8-polygon-4-sym,2118cd08-56e3-48da-ac33-b04c9bb61417
sym-or3_8-polygon-contour,f898d388-db02-4551-8dd1-5f5f4753c759
sym-or3_8-sym,4a6abc91-983f-49a3-9457-f3cd33cbfce7
sym-or3_8-text-name,d62696c1-09bb-4b78-be88-08d790dc8868
sym-or3_8-text-value,45228c6e-0d03-42c1-822d-240965356811
sym-or3_dm_4-pin-a,4a3e6cce-2d31-46c4-a8e1-3d561be5febe
sym-or3_dm_4-pin-b,c2d582f0-ba42-4ec3-9817-7e132dda0a2b
sym-or3_dm_4-pin-c,60d31264-7ec4-463f-a141-f503547359bc
sym-or3_dm_4-pin-out,e8155f73-06c8-4280-a99b-e1862ced9cfb
sym-or3_dm_4-polygon-1-sym,4ad0d60c-dba5-4a20-812b-81b7226ec31f
sym-or3_dm_4-polygon-2-sym,10b8838a-a816-4868-8fbe-09f72e0dc8ab
sym-or3_dm_4-polygon-3-sym,33a847ce-5796-4851-ba26-c7fc5e5cf883
sym-or3_dm_4-polygon-4-sym,875f1b57-b144-48af-905b-8518345192f2
sym-or3_dm_4-polygon-5-sym,4d7d59ec-1dbf-4869-9520-621e0aba2c84
sym-or3_dm_4-polygon-6-sym,23278aff-aeb2-4d98-9470-73338dae6314
sym-or3_dm_4-polygon-7-sym,524ad2fb-583a-4b3d-8ee9-782b0da08709
sym-or3_dm_4-polygon-8-sym,95ebee69-cc40-4183-8d4c-77f02d83cb26
sym-or3_dm_4-polygon-contour,1fabc38a-92ec-4043-b63f-009f1e4900ef
sym-or3_dm_4-sym,d2bf1861-8b96-43c8-9e1f-0b257d02cce9
sym-or3_dm_4-text-name,490f11be-6311-44d6-a3b9-2bed3c1d3c30
sym-or3_dm_4-text-value,3e284784-2818-46dd-8eb6-7483d63d2576
sym-or4_4-pin-a,faec5693-132d-427e-ac2d-e436e951c550
sym-or4_4-pin-b,fff3ac4b-00fa-494b-a292-ba2e3bfd303d
sym-or4_4-pin-c,91e681b5-5147-45e1-90ae-4ad0d1b35d1c
sym-or4_4-pin-d,01d0f1ef-3e96-4d59-90b7-ce21733f3007
sym-or4_4-pin-out,fd0d10c7-3071-405c-8950-9c2db258c13b
sym-or4_4-polygon-1-sym,f9a10eda-d266-4414-a39a-f54b847adb37
sym-or4_4-polygon-2-sym,8b30b0a8-3053-4405-9968-e722b0bd4e9b
sym-or4_4-polygon-3-sym,5802e3d8-7c96-4638-985d-65a6526ef4d4
sym-or4_4-polygon-4-sym,241e04f4-83f6-43c7-94c3-a8aa4a8be03b
sym-or4_4-polygon-5-sym,e2d4380e-1c23-4f09-b59e-ce5d63cfa1f7
sym-or4_4-polygon-contour,858ad3be-cc66-49f9-8502-87c5cfec0c70
sym-or4_4-sym,77d99d52-007c-4491-b58a-27f57591cf96
sym-or4_4-text-name,f2c5beb1-ee89-4336-b0d1-5420824d8c8f
sym-or4_4-text-value,44c4ca0e-79ec-4f24-833b-44fe9ec80ab0
sym-or4_8-pin-a,806dcd90-69a5-4123-ae47-135a1161f7a9
sym-or4_8-pin-b,6e8dbf03-eb25-40a0-b5de-4df1ae9e79d2
sym-or4_8-pin-c,6616ccac-e3e1-44eb-8ffb-ed8222ce5f3a
sym-or4_8-pin-d,97d851fd-3deb-4bd8-a99e-c87f8e235405
sym-or4_8-pin-out,3919aae7-ab79-4fe4-9715-18222a814ebe
sym-or4_8-polygon-1-sym,941949c0-fab0-4dba-9005-06aab3a474bf
sym-or4_8-polygon-2-sym,a8c01972-7f64-4aa1-9fd7-a6f2a3d88538
sym-or4_8-polygon-3-sym,ffcb9b44-51f5-40d4-b81c-9c5e448af6d7
sym-or4_8-polygon-4-sym,ea91ae8e-e5a7-4d8f-b3ab-12444d10cbc7
sym-or4_8-polygon-5-sym,cafdefcb-1602-45b9-92e1-cec75445eb75
sym-or4_8-polygon-6-sym,ca78da28-8830-47ca-b244-872b7b637bd5
sym-or4_8-polygon-7-sym,9da51e67-fcc6-41e5-8fce-a823e5ec20b1
sym-or4_8-polygon-contour,5aa45723-bab0-415c-8e19-7bb50522e6eb
sym-or4_8-sym,32408ee3-fd3f-4052-bc96-d34e204225e8
sym-or4_8-text-name,2c03533a-abfe-4473-be2e-67130a9d3f54
sym-or4_8-text-value,2b8beede-01c8-43e5-bf05-81c3d85e5975
sym-or4_dm_4-pin-a,e7e9e3e4-95c2-438f-8135-802ab02333ef
sym-or4_dm_4-pin-b,1d87320b-0007-4338-b244-0ab3d1238b23
sym-or4_dm_4-pin-c,f6ba4a28-25c1-4cf0-aa8b-c50b3c83777f
sym-or4_dm_4-pin-d,009fc5c9-d998-45b4-9a73-b32e5b358240
sym-or4_dm_4-pin-out,b391dfa9-1cc8-4126-9632-881b5878294f
sym-or4_dm_4-polygon-1-sym,a2c05903-c768-4d51-afa5-920c6bc0e4b4
sym-or4_dm_4-polygon-10-sym,8c235c61-169f-4df6-88bc-255b655521ad
sym-or4_dm_4-polygon-2-sym,f1dc9537-beb4-4179-903d-2d3e5147caa7
sym-or4_dm_4-polygon-3-sym,84aa89e9-f267-417e-b26a-06315f0d5365
sym-or4_dm_4-polygon-4-sym,9ae6efa4-089e-4b04-93f3-783a0d327e5f
sym-or4_dm_4-polygon-5-sym,a43e3504-05b5-4b85-9938-9169c895cf17
sym-or4_dm_4-polygon-6-sym,0f9febd8-507b-407f-b48d-097df0d58c88
sym-or4_dm_4-polygon-7-sym,8dfdffcf-447b-4bb4-8090-354f0daca2e5
sym-or4_dm_4-polygon-8-sym,bfa6c386-1ad2-417d-b2d9-3ec6ab0132ad
sym-or4_dm_4-polygon-9-sym,05ec3ed1-6bd4-483f-8ccd-50c9a940bc92
sym-or4_dm_4-polygon-contour,60229327-8e24-48d3-aeb6-6647b2dc8980
sym-or4_dm_4-sym,71ac4017-9c2e-45b9-b319-370479f95cc0
sym-or4_dm_4-text-name,dfae168b-6e29-4c09-9960-fc57d5688796
sym-or4_dm_4-text-value,d7cdfda0-7202-4869-9b0d-d39d1bd8f65f
sym-or6_4-pin-a,ac817b54-a074-45a2-8e86-e6551e1eb1df
sym-or6_4-pin-b,7819e675-d87d-41f0-8402-9c05563030c5
sym-or6_4-pin-c,cf6de305-fcba-4e27-8e58-e5263703cb05
sym-or6_4-pin-d,3a032d80-1784-4a9f-a322-b506fd2c3dd9
sym-or6_4-pin-e,d854e639-5e84-46ab-b694-673d409af816
sym-or6_4-pin-f,b96a2f39-5fbb-4834-b7b3-312249a69bf9
sym-or6_4-pin-out,8e93a51d-483a-4e20-ae49-631462f61755
sym-or6_4-polygon-1-sym,95eaa91c-a122-457e-9b0d-9191e094cd5f
sym-or6_4-polygon-2-sym,d8fb09e1-0177-44e4-aaa3-55f87077ae7b
sym-or6_4-polygon-3-sym,b146fb1c-bcad-42cd-a9a5-4ed79c856679
sym-or6_4-polygon-4-sym,57dcec83-4200-4770-aa1a-9621ad5ed30f
sym-or6_4-polygon-5-sym,05b04d62-54ba-4a5b-898b-3f8b95115195
sym-or6_4-polygon-6-sym,1cbfaf86-650c-4ed7-93d8-e6c85befcebf
sym-or6_4-polygon-7-sym,c36f38dc-e932-434e-b2b0-d06155de430c
sym-or6_4-polygon-8-sym,3473f909-2914-4a8c-a830-6a49c86ac45c
sym-or6_4-polygon-9-sym,4b97e780-5026-4c69-8d70-812f214f3e92
sym-or6_4-polygon-contour,99ea9975-a582-43e3-b71b-9865fefcce86
sym-or6_4-sym,44bd2bd4-590d-4213-af20-d759026b96ab
sym-or6_4-text-name,daa9f0de-93e9-4023-b63b-95b17739e27c
sym-or6_4-text-value,c5621f80-9630-4791-ac8d-90bc69a7445c
sym-or8_4-pin-a,db3d055a-0ac5-4594-a411-f7472f41e399
sym-or8_4-pin-b,3f13a10f-bb73-4e33-8db5-9a3207d767a3
sym-or8_4-pin-c,006f5f00-5f08-44e5-b856-5e59787ffe1e
sym-or8_4-pin-d,a63520a8-170b-46c4-8a1c-15267041edb3
sym-or8_4-pin-e,71055ead-1c52-434a-8005-af3fe85de831
sym-or8_4-pin-f,f698cf0d-f55e-4525-95d9-a3548e16a8c5
sym-or8_4-pin-g,aa0a725f-9421-42e9-bf1e-85c422e9a203
sym-or8_4-pin-h,b7d141d0-d9bc-484e-aaa2-e7549c5325cc
sym-or8_4-pin-out,aa5b04b3-57f2-459c-a696-66b47b18074d
sym-or8_4-polygon-1-sym,0d23d78f-974f-4013-970d-02cb80992fa9
sym-or8_4-polygon-10-sym,b23e7e5d-de3e-4621-a9db-4a0119a36e74
sym-or8_4-polygon-11-sym,57401649-5142-4b8e-b5a2-2724b8841983
sym-or8_4-polygon-2-sym,9588e143-e880-4e45-a8b9-2a0dfe8177a3
sym-or8_4-polygon-3-sym,b516af53-1de2-471e-9ef6-d50a40650ceb
sym-or8_4-polygon-4-sym,4f29dec3-79af-4556-847e-575284b8dc63
sym-or8_4-polygon-5-sym,733e1e33-3d78-4afb-a4a0-cafc2627f399
sym-or8_4-polygon-6-sym,5128aacd-b080-4535-aef1-7709b2dca4ff
sym-or8_4-polygon-7-sym,48e3d681-e807-4e47-b647-4df0904ef4be
sym-or8_4-polygon-8-sym,b155a486-0fe9-4266-9877-e21c837a46e7
sym-or8_4-polygon-9-sym,0d0ccb1c-f8ce-4beb-a172-7546931adb24
sym-or8_4-polygon-contour,25631fac-647b-4560-be64-d6f4784c17ce
sym-or8_4-sym,bcb5c452-057e-42d8-b6bf-b5e825867761
sym-or8_4-text-name,ef1460c5-306d-4ccf-88b2-16b6d6b370ba
sym-or8_4-text-value,408543b0-67ed-483a-9541-281df8e2ce1b
sym-xnor_4-pin-a,8694c480-f02a-497a-9bfb-5a82b42df48c
sym-xnor_4-pin-b,d7a4432f-7e38-4055-947b-4d3eafe70140
sym-xnor_4-pin-out,25e87fc2-d6ba-462b-a80c-c3eac14c7085
sym-xnor_4-polygon-1-sym,c59163eb-6c73-4af3-93a7-fef510f3511a
sym-xnor_4-polygon-2-sym,43d4c220-80d7-46fb-886a-cb0fe381deeb
sym-xnor_4-polygon-3-sym,94917140-d919-484e-8e1d-4dff2888adfa
sym-xnor_4-polygon-4-sym,39c1c5b7-0db2-43a9-a6fe-f4823749f6c6
sym-xnor_4-polygon-5-sym,62c1b0da-67a5-4e6f-9380-eb29bf0f178b
sym-xnor_4-polygon-contour,a5baa390-763f-4bf1-bb5d-9743c785dbb3
sym-xnor_4-sym,3ea62b44-4085-4af5-95b0-7691f2ea0119
sym-xnor_4-text-name,157f4dfa-56cf-4b0a-83b2-d2d73e15d491
sym-xnor_4-text-value,2812d88b-a8fe-4c6d-aa11-c6340db7bf61
sym-xnor_8-pin-a,68e96016-a7b2-46c0-985f-e1a666132e59
sym-xnor_8-pin-b,8bd974a4-081a-4ec5-ac2a-d26aaaf2b13e
sym-xnor_8-pin-out,cc7be725-bc76-4928-a373-864ca23e8828
sym-xnor_8-polygon-1-sym,b1ba9920-4978-4f79-afb7-afa592f8672c
sym-xnor_8-polygon-2-sym,9756b74a-fb0f-4f53-a88a-f80d00156df5
sym-xnor_8-polygon-3-sym,172a9a43-c5bd-4e35-80eb-102b464dfa88
sym-xnor_8-polygon-4-sym,6e7a4632-c779-4ba4-a9d5-74b9630390c5
sym-xnor_8-polygon-5-sym,82f4c252-b3d8-4100-9975-3ab9d4f155b6
sym-xnor_8-polygon-contour,a3fe1ab2-6b5b-4e61-a680-5a9e587fca80
sym-xnor_8-sym,60985adf-d640-470b-b786-b17b0e26137e
sym-xnor_8-text-name,9e5d2a41-aa10-4988-bba8-6d7c1bc85883
sym-xnor_8-text-value,d1fb5e3c-206b-41f3-ade0-a1e8d94a8899
sym-xor_4-pin-a,f463d291-5e21-4f8b-bc1d-620ac23a7f9a
sym-xor_4-pin-b,97b646f5-e3ff-4a91-9373-2d9e44975132
sym-xor_4-pin-out,6e169527-6528-4b1b-8fde-a1ff9288d046
sym-xor_4-polygon-1-sym,92a90d47-a258-4c84-9733-c70a5fa4d4f6
sym-xor_4-polygon-2-sym,e9db2d69-a340-4657-84f7-1fa7fb684f37
sym-xor_4-polygon-3-sym,a0487dd7-e103-4dd3-8c30-46541b7cf4a6
sym-xor_4-polygon-4-sym,b7c6b032-336d-4ab3-b8c2-33c22e378ed2
sym-xor_4-polygon-contour,f786b3de-3564-4a4f-9e02-f466a60881a3
sym-xor_4-sym,6419d6f0-b0f5-4fa5-83d1-410204f35bb5
sym-xor_4-text-name,95a94dcd-2435-4475-b58f-6d2d16c5d29e
sym-xor_4-text-value,fbdaa5f3-75e8-4435-9d64-2c44c6a09ccc
sym-xor_8-pin-a,429021a8-e961-4829-8e4f-7a740cb22506
sym-xor_8-pin-b,74345e97-991d-432c-b623-d2d35b365529
sym-xor_8-pin-out,a69eea54-e0e4-4bd9-8241-3a112a9b5280
sym-xor_8-polygon-1-sym,4c5f9b7f-d1e6-4db5-8f64-54a51142709b
sym-xor_8-polygon-2-sym,1c7d8db6-28cc-450a-989b-d5bd1cfdf59b
sym-xor_8-polygon-3-sym,d296236c-16bd-47f9-9066-72eab290f2d6
sym-xor_8-polygon-4-sym,882c1e08-ba9a-4248-9336-7f7ff056922e
sym-xor_8-polygon-contour,dd1bce53-3c84-43a5-b3bd-c601af180d64
sym-xor_8-sym,9bef141f-de89-444a-8ffa-a5cb05d5dde6
sym-xor_8-text-name,c6721533-3eb5-4647-9753-65895cf4c4f1
sym-xor_8-text-value,eff15caa-b308-49a4-9145-5de5fdedc9cb
