cmpcat-and2_4-cmpcat,8e4af7b5-cbff-4409-9698-f2b545218075
cmpcat-and2_6-cmpcat,8e4af7b5-cbff-4409-9698-f2b545218075
cmpcat-and2_8-cmpcat,8e4af7b5-cbff-4409-9698-f2b545218075
cmpcat-and2_dm_4-cmpcat,8e4af7b5-cbff-4409-9698-f2b545218075
cmpcat-and2_dm_8-cmpcat,8e4af7b5-cbff-4409-9698-f2b545218075
cmpcat-and3_4-cmpcat,8e4af7b5-cbff-4409-9698-f2b545218075
cmpcat-and3_8-cmpcat,8e4af7b5-cbff-4409-9698-f2b545218075
cmpcat-and3_dm_4-cmpcat,8e4af7b5-cbff-4409-9698-f2b545218075
cmpcat-and3_dm_8-cmpcat,8e4af7b5-cbff-4409-9698-f2b545218075
cmpcat-and4_4-cmpcat,8e4af7b5-cbff-4409-9698-f2b545218075
cmpcat-and4_8-cmpcat,8e4af7b5-cbff-4409-9698-f2b545218075
cmpcat-and4_dm_4-cmpcat,8e4af7b5-cbff-4409-9698-f2b545218075
cmpcat-and4_dm_8-cmpcat,8e4af7b5-cbff-4409-9698-f2b545218075
cmpcat-and6_4-cmpcat,8e4af7b5-cbff-4409-9698-f2b545218075
cmpcat-and8_4-cmpcat,8e4af7b5-cbff-4409-9698-f2b545218075
cmpcat-inv_4-cmpcat,8e4af7b5-cbff-4409-9698-f2b545218075
cmpcat-inv_6-cmpcat,8e4af7b5-cbff-4409-9698-f2b545218075
cmpcat-inv_8-cmpcat,8e4af7b5-cbff-4409-9698-f2b545218075
cmpcat-inv_i_4-cmpcat,8e4af7b5-cbff-4409-9698-f2b545218075
cmpcat-nand2_4-cmpcat,8e4af7b5-cbff-4409-9698-f2b545218075
cmpcat-nand2_6-cmpcat,8e4af7b5-cbff-4409-9698-f2b545218075
cmpcat-nand2_8-cmpcat,8e4af7b5-cbff-4409-9698-f2b545218075
cmpcat-nand2_dm_4-cmpcat,8e4af7b5-cbff-4409-9698-f2b545218075
cmpcat-nand2_dm_8-cmpcat,8e4af7b5-cbff-4409-9698-f2b545218075
cmpcat-nand3_4-cmpcat,8e4af7b5-cbff-4409-9698-f2b545218075
cmpcat-nand3_8-cmpcat,8e4af7b5-cbff-4409-9698-f2b545218075
cmpcat-nand3_dm_4-cmpcat,8e4af7b5-cbff-4409-9698-f2b545218075
cmpcat-nand3_dm_8-cmpcat,8e4af7b5-cbff-4409-9698-f2b545218075
cmpcat-nand4_4-cmpcat,8e4af7b5-cbff-4409-9698-f2b545218075
cmpcat-nand4_8-cmpcat,8e4af7b5-cbff-4409-9698-f2b545218075
cmpcat-nand4_dm_4-cmpcat,8e4af7b5-cbff-4409-9698-f2b545218075
cmpcat-nand4_dm_8-cmpcat,8e4af7b5-cbff-4409-9698-f2b545218075
cmpcat-nand6_4-cmpcat,8e4af7b5-cbff-4409-9698-f2b545218075
cmpcat-nand8_4-cmpcat,8e4af7b5-cbff-4409-9698-f2b545218075
cmpcat-nor2_4-cmpcat,8e4af7b5-cbff-4409-9698-f2b545218075
cmpcat-nor2_6-cmpcat,8e4af7b5-cbff-4409-9698-f2b545218075
cmpcat-nor2_8-cmpcat,8e4af7b5-cbff-4409-9698-f2b545218075
cmpcat-nor2_dm_4-cmpcat,8e4af7b5-cbff-4409-9698-f2b545218075
cmpcat-nor2_dm_8-cmpcat,8e4af7b5-cbff-4409-9698-f2b545218075
cmpcat-nor3_4-cmpcat,8e4af7b5-cbff-4409-9698-f2b545218075
cmpcat-nor3_8-cmpcat,8e4af7b5-cbff-4409-9698-f2b545218075
cmpcat-nor3_dm_4-cmpcat,8e4af7b5-cbff-4409-9698-f2b545218075
cmpcat-nor4_4-cmpcat,8e4af7b5-cbff-4409-9698-f2b545218075
cmpcat-nor4_8-cmpcat,8e4af7b5-cbff-4409-9698-f2b545218075
cmpcat-nor4_dm_4-cmpcat,8e4af7b5-cbff-4409-9698-f2b545218075
cmpcat-nor6_4-cmpcat,8e4af7b5-cbff-4409-9698-f2b545218075
cmpcat-nor8_4-cmpcat,8e4af7b5-cbff-4409-9698-f2b545218075
cmpcat-or2_4-cmpcat,8e4af7b5-cbff-4409-9698-f2b545218075
cmpcat-or2_6-cmpcat,8e4af7b5-cbff-4409-9698-f2b545218075
cmpcat-or2_8-cmpcat,8e4af7b5-cbff-4409-9698-f2b545218075
cmpcat-or2_dm_4-cmpcat,8e4af7b5-cbff-4409-9698-f2b545218075
cmpcat-or2_dm_8-cmpcat,8e4af7b5-cbff-4409-9698-f2b545218075
cmpcat-or3_4-cmpcat,8e4af7b5-cbff-4409-9698-f2b545218075
cmpcat-or3_8-cmpcat,8e4af7b5-cbff-4409-9698-f2b545218075
cmpcat-or3_dm_4-cmpcat,8e4af7b5-cbff-4409-9698-f2b545218075
cmpcat-or4_4-cmpcat,8e4af7b5-cbff-4409-9698-f2b545218075
cmpcat-or4_8-cmpcat,8e4af7b5-cbff-4409-9698-f2b545218075
cmpcat-or4_dm_4-cmpcat,8e4af7b5-cbff-4409-9698-f2b545218075
cmpcat-or6_4-cmpcat,8e4af7b5-cbff-4409-9698-f2b545218075
cmpcat-or8_4-cmpcat,8e4af7b5-cbff-4409-9698-f2b545218075
cmpcat-xnor_4-cmpcat,8e4af7b5-cbff-4409-9698-f2b545218075
cmpcat-xnor_8-cmpcat,8e4af7b5-cbff-4409-9698-f2b545218075
cmpcat-xor_4-cmpcat,8e4af7b5-cbff-4409-9698-f2b545218075
cmpcat-xor_8-cmpcat,8e4af7b5-cbff-4409-9698-f2b545218075
