sym-generic~ic~10-pin~(variant~a)~1/4~scale~10x26~pwr-pin-1,06b018b6-0336-4dde-a7c5-5422e3e6c127
sym-generic~ic~10-pin~(variant~a)~1/4~scale~10x26~pwr-pin-10,23780115-94ca-46aa-a719-93bd29c935bb
sym-generic~ic~10-pin~(variant~a)~1/4~scale~10x26~pwr-pin-2,9764c96f-db14-4c67-a2fd-9aa684942f0c
sym-generic~ic~10-pin~(variant~a)~1/4~scale~10x26~pwr-pin-3,5bc557a8-5225-41e0-b110-fb66bbebd7dd
sym-generic~ic~10-pin~(variant~a)~1/4~scale~10x26~pwr-pin-4,1b6b0e10-d3a4-40c5-9194-52eb0feeced9
sym-generic~ic~10-pin~(variant~a)~1/4~scale~10x26~pwr-pin-5,e306c7db-6998-45c1-88e2-2731c081f34e
sym-generic~ic~10-pin~(variant~a)~1/4~scale~10x26~pwr-pin-6,10b4fc70-af04-4216-a62a-441a031c11df
sym-generic~ic~10-pin~(variant~a)~1/4~scale~10x26~pwr-pin-7,c53dde75-0f7b-404d-9f11-7c763f329df7
sym-generic~ic~10-pin~(variant~a)~1/4~scale~10x26~pwr-pin-8,67eccd47-a602-44b6-ad36-c7fa803cebf5
sym-generic~ic~10-pin~(variant~a)~1/4~scale~10x26~pwr-pin-9,a54f6cfc-ad43-4956-b8fd-4241f9971f34
sym-generic~ic~10-pin~(variant~a)~1/4~scale~10x26~pwr-pin-gnd,7fc3b397-2ed2-416e-8e94-8818199597ea
sym-generic~ic~10-pin~(variant~a)~1/4~scale~10x26~pwr-pin-pwr,cb30c367-d8ef-4da0-9a9c-7c2b9f967919
sym-generic~ic~10-pin~(variant~a)~1/4~scale~10x26~pwr-polygon-contour,6368f6e2-493d-4043-a07b-50c5a7e2a8d2
sym-generic~ic~10-pin~(variant~a)~1/4~scale~10x26~pwr-sym,bdf5c994-ef4e-4508-b5de-10c59c643a5c
sym-generic~ic~10-pin~(variant~a)~1/4~scale~10x26~pwr-text-name,45fbdc3c-f2af-4c95-ac5e-507d458a006b
sym-generic~ic~10-pin~(variant~a)~1/4~scale~10x26~pwr-text-value,fc962c48-0989-48a4-b19a-2399740c3337
sym-generic~ic~10-pin~(variant~b)~1/4~scale~8x16-pin-1,f83d3961-d77e-4e4f-b6d7-b1dad617f51d
sym-generic~ic~10-pin~(variant~b)~1/4~scale~8x16-pin-10,ca86a9c4-9380-4759-95fe-3361346e43fd
sym-generic~ic~10-pin~(variant~b)~1/4~scale~8x16-pin-2,e2df8666-25b8-486b-a34c-890661500634
sym-generic~ic~10-pin~(variant~b)~1/4~scale~8x16-pin-3,6afe11a3-ed32-41c6-aa89-1798436fae2a
sym-generic~ic~10-pin~(variant~b)~1/4~scale~8x16-pin-4,44b2f517-3af4-413b-baae-219cad99848c
sym-generic~ic~10-pin~(variant~b)~1/4~scale~8x16-pin-5,085b347f-4b47-45df-abe2-939b9caceca3
sym-generic~ic~10-pin~(variant~b)~1/4~scale~8x16-pin-6,2b59253d-86ee-456e-85b8-0b4e82194648
sym-generic~ic~10-pin~(variant~b)~1/4~scale~8x16-pin-7,ea166793-51a3-484f-b94f-aabe52269181
sym-generic~ic~10-pin~(variant~b)~1/4~scale~8x16-pin-8,04ed306b-3592-42ae-b3c5-48fd469a81c0
sym-generic~ic~10-pin~(variant~b)~1/4~scale~8x16-pin-9,be496a98-b1c6-41ae-b193-7e1cc336b772
sym-generic~ic~10-pin~(variant~b)~1/4~scale~8x16-polygon-contour,ab65a612-73be-4bff-9bee-a0da2e3d242e
sym-generic~ic~10-pin~(variant~b)~1/4~scale~8x16-sym,58763309-5f27-4d4f-8d7a-293d3b1f99a6
sym-generic~ic~10-pin~(variant~b)~1/4~scale~8x16-text-name,3a722d93-69e9-4c6e-8925-b05db6ed007d
sym-generic~ic~10-pin~(variant~b)~1/4~scale~8x16-text-value,87421ccd-ae2a-4cc0-bfe6-d32639f58fbc
sym-generic~ic~11-pin~(variant~a)~1/4~scale~8x16-pin-1,9767f8d1-416c-4c3f-9c14-8049caaa1e42
sym-generic~ic~11-pin~(variant~a)~1/4~scale~8x16-pin-10,e1c2ca73-474e-42d8-8bda-06d3bc5115d3
sym-generic~ic~11-pin~(variant~a)~1/4~scale~8x16-pin-11,983652c0-68d8-4c47-914a-f3534e8b86d3
sym-generic~ic~11-pin~(variant~a)~1/4~scale~8x16-pin-2,e9dd4f7a-107a-48e2-9e97-4fec853e8f06
sym-generic~ic~11-pin~(variant~a)~1/4~scale~8x16-pin-3,40f9996c-e15c-4060-9c01-f3bbf327fae3
sym-generic~ic~11-pin~(variant~a)~1/4~scale~8x16-pin-4,49fe4075-e97a-4b45-bdb2-fadb68680131
sym-generic~ic~11-pin~(variant~a)~1/4~scale~8x16-pin-5,1b42fb5e-fe3c-4653-bd14-2698532916af
sym-generic~ic~11-pin~(variant~a)~1/4~scale~8x16-pin-6,432f8db2-1ba7-402b-8a36-66634a468ddd
sym-generic~ic~11-pin~(variant~a)~1/4~scale~8x16-pin-7,551de76f-2079-425f-8dc3-fbeca35e1afd
sym-generic~ic~11-pin~(variant~a)~1/4~scale~8x16-pin-8,0843b609-616d-4c55-97c3-9b12dbd15203
sym-generic~ic~11-pin~(variant~a)~1/4~scale~8x16-pin-9,146f1c79-4c5e-484d-9b10-301a4273e44c
sym-generic~ic~11-pin~(variant~a)~1/4~scale~8x16-polygon-contour,b1de0241-ceb2-40b5-9784-df88c0b3be26
sym-generic~ic~11-pin~(variant~a)~1/4~scale~8x16-sym,8b917056-4f48-4b14-be64-0a117d2631dd
sym-generic~ic~11-pin~(variant~a)~1/4~scale~8x16-text-name,a45677b5-6247-4a59-9090-4abf8a305019
sym-generic~ic~11-pin~(variant~a)~1/4~scale~8x16-text-value,08672df1-a101-4d60-9d11-5cb33ff041b9
sym-generic~ic~12-pin~(variant~a)~1/4~scale~10x26~pwr-pin-1,34571660-e06a-4448-9e11-01140f489db2
sym-generic~ic~12-pin~(variant~a)~1/4~scale~10x26~pwr-pin-10,3433ce5b-a615-4141-a7dc-0f4675e2f41d
sym-generic~ic~12-pin~(variant~a)~1/4~scale~10x26~pwr-pin-11,1200d8c2-00c4-45e5-99fe-9f94d3596201
sym-generic~ic~12-pin~(variant~a)~1/4~scale~10x26~pwr-pin-12,7a44ebb4-9c34-4609-8773-fbc3be314fad
sym-generic~ic~12-pin~(variant~a)~1/4~scale~10x26~pwr-pin-2,ac8e2067-6ab4-41a6-a533-dffab99f9c33
sym-generic~ic~12-pin~(variant~a)~1/4~scale~10x26~pwr-pin-3,a4287fc9-b5bb-4e82-adca-49b8befd09e1
sym-generic~ic~12-pin~(variant~a)~1/4~scale~10x26~pwr-pin-4,14c28801-6cdc-4edc-80d3-5e94af1c8e73
sym-generic~ic~12-pin~(variant~a)~1/4~scale~10x26~pwr-pin-5,a52f04a0-742b-4fc0-a2d3-d2c10b56fa4c
sym-generic~ic~12-pin~(variant~a)~1/4~scale~10x26~pwr-pin-6,d88f4e25-55f7-4d7b-a3a0-e413e558b935
sym-generic~ic~12-pin~(variant~a)~1/4~scale~10x26~pwr-pin-7,96892d5d-e697-4772-9bd3-ae6bd8522c12
sym-generic~ic~12-pin~(variant~a)~1/4~scale~10x26~pwr-pin-8,cae403ea-e3bb-44fd-bbc3-0150ac070ce1
sym-generic~ic~12-pin~(variant~a)~1/4~scale~10x26~pwr-pin-9,f17d5d59-bb88-4029-acf6-004bc7019eb6
sym-generic~ic~12-pin~(variant~a)~1/4~scale~10x26~pwr-pin-gnd,5b322e2b-cb09-4dbd-bbf5-68a72c8afa17
sym-generic~ic~12-pin~(variant~a)~1/4~scale~10x26~pwr-pin-pwr,4220e032-9594-4526-a5db-a9d9f88d4d57
sym-generic~ic~12-pin~(variant~a)~1/4~scale~10x26~pwr-polygon-contour,2a454690-f508-43e5-971d-3610ea1a1355
sym-generic~ic~12-pin~(variant~a)~1/4~scale~10x26~pwr-sym,24d41ae7-4d9b-4e5b-b54e-95e66e12d2e3
sym-generic~ic~12-pin~(variant~a)~1/4~scale~10x26~pwr-text-name,2880fffb-bdc5-4bd6-b29f-30947bc3fb42
sym-generic~ic~12-pin~(variant~a)~1/4~scale~10x26~pwr-text-value,b9948f72-cabf-4a10-94aa-06a7dd52a98c
sym-generic~ic~12-pin~(variant~b)~1/4~scale~10x26~pwr-pin-1,01c2d6ca-12cd-4ea1-807b-ad0ade41b559
sym-generic~ic~12-pin~(variant~b)~1/4~scale~10x26~pwr-pin-10,048f006b-87da-409a-a6ae-3cb5a4dae3ec
sym-generic~ic~12-pin~(variant~b)~1/4~scale~10x26~pwr-pin-11,2253bd9d-f0cf-4aa1-b8d8-13b0b2d36d00
sym-generic~ic~12-pin~(variant~b)~1/4~scale~10x26~pwr-pin-12,593b5556-4ef4-44ba-ab1e-7646cc420d34
sym-generic~ic~12-pin~(variant~b)~1/4~scale~10x26~pwr-pin-2,b5eac76b-2dcc-4311-ac71-f08ad6dbbcf9
sym-generic~ic~12-pin~(variant~b)~1/4~scale~10x26~pwr-pin-3,d2fc6141-9d09-4fe3-a502-1d5e34c76a1b
sym-generic~ic~12-pin~(variant~b)~1/4~scale~10x26~pwr-pin-4,3ff955e4-c0c8-4499-88c5-4109935a90f5
sym-generic~ic~12-pin~(variant~b)~1/4~scale~10x26~pwr-pin-5,f75127d9-3321-44df-90a5-60c2974256ae
sym-generic~ic~12-pin~(variant~b)~1/4~scale~10x26~pwr-pin-6,69d34bfd-0529-40fd-b1c2-09a07e10997b
sym-generic~ic~12-pin~(variant~b)~1/4~scale~10x26~pwr-pin-7,5d52d4b3-83ee-4fcc-b351-c55bf8690633
sym-generic~ic~12-pin~(variant~b)~1/4~scale~10x26~pwr-pin-8,c946ef9a-040d-40dc-bc51-8e361f188480
sym-generic~ic~12-pin~(variant~b)~1/4~scale~10x26~pwr-pin-9,3d6a452c-b48f-40ba-8945-2a34397f1bee
sym-generic~ic~12-pin~(variant~b)~1/4~scale~10x26~pwr-pin-gnd,c7cc4559-7073-4b49-9a63-4987281988c2
sym-generic~ic~12-pin~(variant~b)~1/4~scale~10x26~pwr-pin-pwr,e0e1a910-cf36-4088-a278-4e1fae8543bd
sym-generic~ic~12-pin~(variant~b)~1/4~scale~10x26~pwr-polygon-contour,dd039a52-d971-42a8-91c7-36e5a2f1868e
sym-generic~ic~12-pin~(variant~b)~1/4~scale~10x26~pwr-sym,035d0506-4f4e-4b8a-b44b-f1ca2c9bdbbc
sym-generic~ic~12-pin~(variant~b)~1/4~scale~10x26~pwr-text-name,abcaacd9-5d42-4373-af57-2fc4197389d9
sym-generic~ic~12-pin~(variant~b)~1/4~scale~10x26~pwr-text-value,dd19677b-01fd-48eb-891c-43d479bf099f
sym-generic~ic~12-pin~(variant~c)~1/4~scale~10x26~pwr-pin-1,01c8fab0-6dc3-45d1-948b-64cd93e6e076
sym-generic~ic~12-pin~(variant~c)~1/4~scale~10x26~pwr-pin-10,2cf2f120-40a1-495b-afe1-273205d373a9
sym-generic~ic~12-pin~(variant~c)~1/4~scale~10x26~pwr-pin-11,f1b26292-706d-41cb-8053-e894a717157f
sym-generic~ic~12-pin~(variant~c)~1/4~scale~10x26~pwr-pin-12,cf1fd7ba-3c92-4201-85d2-4e8f5c807a85
sym-generic~ic~12-pin~(variant~c)~1/4~scale~10x26~pwr-pin-2,ae33296b-69e5-4e55-84c2-b5e563391435
sym-generic~ic~12-pin~(variant~c)~1/4~scale~10x26~pwr-pin-3,7c33ad9c-3fc2-4f37-92e8-6a09fc3a2a20
sym-generic~ic~12-pin~(variant~c)~1/4~scale~10x26~pwr-pin-4,92bb9220-39a7-4ac3-970c-aee3730b0048
sym-generic~ic~12-pin~(variant~c)~1/4~scale~10x26~pwr-pin-5,b58433cb-3c20-4a27-8c11-296f45821a12
sym-generic~ic~12-pin~(variant~c)~1/4~scale~10x26~pwr-pin-6,bb26a7c2-2b98-42b9-8f29-a282fab19526
sym-generic~ic~12-pin~(variant~c)~1/4~scale~10x26~pwr-pin-7,8924d143-7d97-4650-90d1-efaf60b9e7ee
sym-generic~ic~12-pin~(variant~c)~1/4~scale~10x26~pwr-pin-8,23bd72d1-b21e-4d3a-b83b-f004fed799fa
sym-generic~ic~12-pin~(variant~c)~1/4~scale~10x26~pwr-pin-9,5ca656cf-16dd-4585-845a-cc1a1a989858
sym-generic~ic~12-pin~(variant~c)~1/4~scale~10x26~pwr-pin-gnd,11a4df5d-2bf4-4028-86e0-af791dffca70
sym-generic~ic~12-pin~(variant~c)~1/4~scale~10x26~pwr-pin-pwr,3e806294-6e61-4f85-aff2-94a5a17b4751
sym-generic~ic~12-pin~(variant~c)~1/4~scale~10x26~pwr-polygon-contour,bb7b61a9-10ea-4f07-8cdf-5d0d9991ef03
sym-generic~ic~12-pin~(variant~c)~1/4~scale~10x26~pwr-sym,1ecfe6b3-7566-4872-8b5f-c042e017f754
sym-generic~ic~12-pin~(variant~c)~1/4~scale~10x26~pwr-text-name,4d79108e-258c-4561-911c-3b2309efb9ad
sym-generic~ic~12-pin~(variant~c)~1/4~scale~10x26~pwr-text-value,9d1d0182-de23-419f-bc07-33447b53390a
sym-generic~ic~12-pin~1/4~scale~8x14-pin-1,cd1a8332-9d2a-43b3-a025-43b9b8bc7d5d
sym-generic~ic~12-pin~1/4~scale~8x14-pin-10,b7fb3667-ab65-49b5-8d4c-1eb6b81ba663
sym-generic~ic~12-pin~1/4~scale~8x14-pin-11,cdcf7cab-40e4-46ae-bf0b-d47347483b77
sym-generic~ic~12-pin~1/4~scale~8x14-pin-12,b9867ec3-e6a6-426e-b1c9-6b9121d30b53
sym-generic~ic~12-pin~1/4~scale~8x14-pin-2,bc671383-a6d0-4ead-b5fc-026bb8a36af2
sym-generic~ic~12-pin~1/4~scale~8x14-pin-3,525fb9ad-e176-43a6-b770-a53cc2e68b7a
sym-generic~ic~12-pin~1/4~scale~8x14-pin-4,4dfd5067-f7f9-4beb-b085-ae19a85b1831
sym-generic~ic~12-pin~1/4~scale~8x14-pin-5,26f78f29-a728-4d71-b9d4-8514a1aaea7a
sym-generic~ic~12-pin~1/4~scale~8x14-pin-6,79f9dd1d-1eff-418c-a03c-4a4362db9c46
sym-generic~ic~12-pin~1/4~scale~8x14-pin-7,f8f6dbff-0660-40e0-8e4c-1efc858e7257
sym-generic~ic~12-pin~1/4~scale~8x14-pin-8,389c4b9d-ba88-4385-8f7b-cc456a40d9a7
sym-generic~ic~12-pin~1/4~scale~8x14-pin-9,614710a3-fb53-43dc-8b20-15cc36a37e49
sym-generic~ic~12-pin~1/4~scale~8x14-polygon-contour,018d1f62-928d-40b5-8811-ba73f4da006e
sym-generic~ic~12-pin~1/4~scale~8x14-sym,cf92e88f-8d16-4b7d-9df6-8755ecae816d
sym-generic~ic~12-pin~1/4~scale~8x14-text-name,77b5889c-cee0-42a0-83dc-2384235ae9cb
sym-generic~ic~12-pin~1/4~scale~8x14-text-value,d35f5001-6dba-4a74-8be0-2574574976c3
sym-generic~ic~14-pin~(variant~a)~1/4~scale~10x26~pwr-pin-1,f9a44aee-b22e-4a4f-898a-e2b8e4ece709
sym-generic~ic~14-pin~(variant~a)~1/4~scale~10x26~pwr-pin-10,00983dc2-6238-4d54-b4e9-a6dbcfbc1509
sym-generic~ic~14-pin~(variant~a)~1/4~scale~10x26~pwr-pin-11,ffcc9be3-d837-4983-a014-b973bf4810b0
sym-generic~ic~14-pin~(variant~a)~1/4~scale~10x26~pwr-pin-12,93c506d3-8ae1-4887-a798-b94820bc44b9
sym-generic~ic~14-pin~(variant~a)~1/4~scale~10x26~pwr-pin-13,0bf45bcb-e231-485c-83cf-d519d0e5304d
sym-generic~ic~14-pin~(variant~a)~1/4~scale~10x26~pwr-pin-14,af2ef8f7-c39c-44b8-924d-f722ccc9aba7
sym-generic~ic~14-pin~(variant~a)~1/4~scale~10x26~pwr-pin-2,b70326ea-ada2-42cd-9f00-89bf96e05508
sym-generic~ic~14-pin~(variant~a)~1/4~scale~10x26~pwr-pin-3,d7740198-acc1-44c1-8e89-2676987c4564
sym-generic~ic~14-pin~(variant~a)~1/4~scale~10x26~pwr-pin-4,329b1200-3239-4944-a5ba-be928769200a
sym-generic~ic~14-pin~(variant~a)~1/4~scale~10x26~pwr-pin-5,ae93540c-8de0-4be2-87d9-d8d68537d6a1
sym-generic~ic~14-pin~(variant~a)~1/4~scale~10x26~pwr-pin-6,a4dbcedf-0e4a-4936-96ec-3468431dce77
sym-generic~ic~14-pin~(variant~a)~1/4~scale~10x26~pwr-pin-7,377bcebb-34c3-4c07-8408-c54943e9b715
sym-generic~ic~14-pin~(variant~a)~1/4~scale~10x26~pwr-pin-8,a21cd4e1-bc12-4883-a08b-22fdb021af24
sym-generic~ic~14-pin~(variant~a)~1/4~scale~10x26~pwr-pin-9,5e6ced7d-bea0-43cf-8bc5-1831acb283f7
sym-generic~ic~14-pin~(variant~a)~1/4~scale~10x26~pwr-pin-gnd,3715e622-3605-4029-9049-04460b7ec897
sym-generic~ic~14-pin~(variant~a)~1/4~scale~10x26~pwr-pin-pwr,7a1ad78a-69ae-4caa-a01d-a7848325b8be
sym-generic~ic~14-pin~(variant~a)~1/4~scale~10x26~pwr-polygon-contour,98e64d4f-b27c-4b28-ac9e-4ed5f03d1c6b
sym-generic~ic~14-pin~(variant~a)~1/4~scale~10x26~pwr-sym,a3ae6ee2-4116-4b8c-a4f9-f2dd5117cfa9
sym-generic~ic~14-pin~(variant~a)~1/4~scale~10x26~pwr-text-name,283bba84-d4d2-4cdf-892b-9e0fe244c406
sym-generic~ic~14-pin~(variant~a)~1/4~scale~10x26~pwr-text-value,de3eae0d-ba3e-47bc-a53e-b87cf87d72b3
sym-generic~ic~14-pin~(variant~b)~1/4~scale~10x26~pwr-pin-1,fbd40473-e09b-42a0-9970-25a2f9c33f98
sym-generic~ic~14-pin~(variant~b)~1/4~scale~10x26~pwr-pin-10,7831d28b-793b-47b5-bf6d-da9857f4b9be
sym-generic~ic~14-pin~(variant~b)~1/4~scale~10x26~pwr-pin-11,6ce19c21-a3bf-4baa-8c7a-97a8419f3295
sym-generic~ic~14-pin~(variant~b)~1/4~scale~10x26~pwr-pin-12,e3332ab5-2413-4ebb-871b-8da49d1358d5
sym-generic~ic~14-pin~(variant~b)~1/4~scale~10x26~pwr-pin-13,86392a6d-4fc7-419d-a136-2aa19c3b9d61
sym-generic~ic~14-pin~(variant~b)~1/4~scale~10x26~pwr-pin-14,d9cc3ace-01c7-4116-af02-8a2378ca5006
sym-generic~ic~14-pin~(variant~b)~1/4~scale~10x26~pwr-pin-2,54ed1cc8-ce6c-4da2-a78c-1849c9d0e11d
sym-generic~ic~14-pin~(variant~b)~1/4~scale~10x26~pwr-pin-3,8211f539-fb28-4069-8474-37c076aea56e
sym-generic~ic~14-pin~(variant~b)~1/4~scale~10x26~pwr-pin-4,0ca4a58d-0819-498c-8aca-5c13b0d45050
sym-generic~ic~14-pin~(variant~b)~1/4~scale~10x26~pwr-pin-5,4d97c0d0-7a0c-4405-b4d6-fd29580e0f0e
sym-generic~ic~14-pin~(variant~b)~1/4~scale~10x26~pwr-pin-6,3a9b6b46-7265-4df4-b767-6e7bd9db1034
sym-generic~ic~14-pin~(variant~b)~1/4~scale~10x26~pwr-pin-7,e018cde1-4d64-4f42-99d0-c278af923468
sym-generic~ic~14-pin~(variant~b)~1/4~scale~10x26~pwr-pin-8,dfcf0968-008e-4bf6-bff1-5c92dc48103f
sym-generic~ic~14-pin~(variant~b)~1/4~scale~10x26~pwr-pin-9,86a82567-e8f4-4c01-a327-4eb0b52bf8df
sym-generic~ic~14-pin~(variant~b)~1/4~scale~10x26~pwr-pin-gnd,9bf90cb3-9e95-48db-9c8d-9295f445474f
sym-generic~ic~14-pin~(variant~b)~1/4~scale~10x26~pwr-pin-pwr,358a7968-6e6a-4608-bddf-68f8f9b9b2ce
sym-generic~ic~14-pin~(variant~b)~1/4~scale~10x26~pwr-polygon-contour,e95a4721-769d-46eb-9e66-441791313cbe
sym-generic~ic~14-pin~(variant~b)~1/4~scale~10x26~pwr-sym,099977bc-92e2-4ad3-b9f1-0fd2f2462d16
sym-generic~ic~14-pin~(variant~b)~1/4~scale~10x26~pwr-text-name,06bf5a57-e19c-4386-bf49-20efa1753b66
sym-generic~ic~14-pin~(variant~b)~1/4~scale~10x26~pwr-text-value,c09b07ca-9ea8-4de2-9572-3696d715e9a5
sym-generic~ic~4-pin~1/4~scale~8x8-pin-1,f6396c8c-cb93-4ba7-b089-5e6f31078a28
sym-generic~ic~4-pin~1/4~scale~8x8-pin-2,0e73a8e4-1732-45de-bee4-e582808ad01c
sym-generic~ic~4-pin~1/4~scale~8x8-pin-3,f8776d1f-8c81-4f00-89cc-cbb427bd8509
sym-generic~ic~4-pin~1/4~scale~8x8-pin-4,be1fcb8f-007d-419b-b339-d3115683bb33
sym-generic~ic~4-pin~1/4~scale~8x8-polygon-contour,97b64133-c676-4485-b0d0-e9113df3f71c
sym-generic~ic~4-pin~1/4~scale~8x8-sym,ed7609bb-c704-4163-8993-7f4ca2032977
sym-generic~ic~4-pin~1/4~scale~8x8-text-name,e8d13720-6c93-48f5-92e8-102d50b14091
sym-generic~ic~4-pin~1/4~scale~8x8-text-value,ecd86188-437a-4aa1-83b8-ef9463da0589
sym-generic~ic~4-pin~1/6~scale~6x4-pin-1,2923b964-cc4c-43f2-a666-09d1867668be
sym-generic~ic~4-pin~1/6~scale~6x4-pin-2,8331edd8-c6a2-41cb-9c34-6ddfaffae700
sym-generic~ic~4-pin~1/6~scale~6x4-pin-3,a75a5892-e5f6-468e-8713-40437826995e
sym-generic~ic~4-pin~1/6~scale~6x4-pin-4,3dacbe17-8e0e-4f31-afb6-1c89ae7d07b4
sym-generic~ic~4-pin~1/6~scale~6x4-polygon-contour,4c421c07-d67b-4787-8a26-eaae35ce1ae7
sym-generic~ic~4-pin~1/6~scale~6x4-sym,9086f90f-34a2-4747-be8f-fa38eadcf2b6
sym-generic~ic~4-pin~1/6~scale~6x4-text-name,12637245-4f3f-4568-a4e3-a8c165a26643
sym-generic~ic~4-pin~1/6~scale~6x4-text-value,cf8eb7db-d8e6-43ce-b110-288983c6f39e
sym-generic~ic~4-pin~1/8~scale~4x4-pin-1,a20832f4-94e3-443a-8104-de808a6cff35
sym-generic~ic~4-pin~1/8~scale~4x4-pin-2,ab856b69-d95b-46fe-b9bc-4b99ed72a2bb
sym-generic~ic~4-pin~1/8~scale~4x4-pin-3,7f7498ed-9523-47df-8294-cad2c86ff8b9
sym-generic~ic~4-pin~1/8~scale~4x4-pin-4,78937f58-aad5-4c1c-b09a-8a4afeaca329
sym-generic~ic~4-pin~1/8~scale~4x4-polygon-contour,eed82a8e-f728-4239-a869-cde9aa61fcd6
sym-generic~ic~4-pin~1/8~scale~4x4-sym,0408c795-f699-4dfe-afee-0678ddb971ef
sym-generic~ic~4-pin~1/8~scale~4x4-text-name,3ee9a163-b03c-4a95-9dd2-9d4b6628d8e0
sym-generic~ic~4-pin~1/8~scale~4x4-text-value,708f771e-67ec-4753-86a3-9dbfbcb95d29
sym-generic~ic~5-pin~(variant~a)~1/4~scale~8x8-pin-1,bde870f6-1d39-4894-b7dc-4f6545af316c
sym-generic~ic~5-pin~(variant~a)~1/4~scale~8x8-pin-2,1372783c-613e-402b-abff-4b876b88dccb
sym-generic~ic~5-pin~(variant~a)~1/4~scale~8x8-pin-3,4dffa0b3-d4d3-4b15-bc02-fe391c5ff735
sym-generic~ic~5-pin~(variant~a)~1/4~scale~8x8-pin-4,6a0ab24d-8ef6-4347-86a0-8812cfdafbe9
sym-generic~ic~5-pin~(variant~a)~1/4~scale~8x8-pin-5,cb829b2b-1806-4bd3-a39f-c25063cc45fe
sym-generic~ic~5-pin~(variant~a)~1/4~scale~8x8-polygon-contour,35a5ed81-579c-4b31-9490-7e2fdc804dbe
sym-generic~ic~5-pin~(variant~a)~1/4~scale~8x8-sym,d6cb938d-f8f3-4b9e-a703-7a53514630d9
sym-generic~ic~5-pin~(variant~a)~1/4~scale~8x8-text-name,53fe6d84-5575-4042-a76e-2e68ac07b0b1
sym-generic~ic~5-pin~(variant~a)~1/4~scale~8x8-text-value,aae31a29-5e3b-45fe-a951-d55006dfbb34
sym-generic~ic~5-pin~(variant~a)~1/6~scale~6x4-pin-1,bc5cd255-a06b-433b-b555-aa8c35d7e647
sym-generic~ic~5-pin~(variant~a)~1/6~scale~6x4-pin-2,acb0b62c-425b-4149-8244-dca1bd13ea35
sym-generic~ic~5-pin~(variant~a)~1/6~scale~6x4-pin-3,26c2e9c8-c12a-4217-8421-ff13412d3d94
sym-generic~ic~5-pin~(variant~a)~1/6~scale~6x4-pin-4,f6eb619c-10fc-42c2-9c9f-72a2309ea231
sym-generic~ic~5-pin~(variant~a)~1/6~scale~6x4-pin-5,bd10084c-128a-46af-8d2a-fd018a50ef8c
sym-generic~ic~5-pin~(variant~a)~1/6~scale~6x4-polygon-contour,ca6829f0-9278-4bac-9e3c-4a75046ec0f4
sym-generic~ic~5-pin~(variant~a)~1/6~scale~6x4-sym,865233fa-0733-4395-ac0e-933c3ba7fc43
sym-generic~ic~5-pin~(variant~a)~1/6~scale~6x4-text-name,879c15f0-effc-4858-9417-d1078176174d
sym-generic~ic~5-pin~(variant~a)~1/6~scale~6x4-text-value,92312a99-6db9-407e-9b73-abb955175621
sym-generic~ic~5-pin~(variant~a)~1/8~scale~4x4-pin-1,e92defc6-e399-4298-aaf4-187ad31df3f5
sym-generic~ic~5-pin~(variant~a)~1/8~scale~4x4-pin-2,2701ae63-11e8-4ef9-a819-f3cee8d086e4
sym-generic~ic~5-pin~(variant~a)~1/8~scale~4x4-pin-3,0ee67ee7-eef8-4864-a76b-ac018cb30747
sym-generic~ic~5-pin~(variant~a)~1/8~scale~4x4-pin-4,9183c62c-c934-4ccd-a4fb-8ce4827a3ec6
sym-generic~ic~5-pin~(variant~a)~1/8~scale~4x4-pin-5,a95383ef-08b8-4cc8-b963-646a1e1c0611
sym-generic~ic~5-pin~(variant~a)~1/8~scale~4x4-polygon-contour,a0b4fdbe-60ca-4173-8118-1df563dad5a8
sym-generic~ic~5-pin~(variant~a)~1/8~scale~4x4-sym,4ea5405a-9c0e-4281-80b0-75ec0aac1772
sym-generic~ic~5-pin~(variant~a)~1/8~scale~4x4-text-name,60f5854b-be64-4a4f-9bd6-2f5f8200b9bd
sym-generic~ic~5-pin~(variant~a)~1/8~scale~4x4-text-value,62a069ad-2b07-40b5-a25c-a56164c6231d
sym-generic~ic~5-pin~(variant~b)~1/4~scale~8x8-pin-1,2cae5d80-0dce-40b0-bb8a-de4b2f174981
sym-generic~ic~5-pin~(variant~b)~1/4~scale~8x8-pin-2,5864fa28-0961-4498-a616-06a6027fcee8
sym-generic~ic~5-pin~(variant~b)~1/4~scale~8x8-pin-3,373d37af-a037-4f38-bdab-2cb4bec4029c
sym-generic~ic~5-pin~(variant~b)~1/4~scale~8x8-pin-4,1e4cae32-e1b8-47ac-9f06-b557962af8ce
sym-generic~ic~5-pin~(variant~b)~1/4~scale~8x8-pin-5,926f0333-5ed1-45c9-96b1-632a63062382
sym-generic~ic~5-pin~(variant~b)~1/4~scale~8x8-polygon-contour,828ca5f3-875c-4d73-8221-f77ea310c236
sym-generic~ic~5-pin~(variant~b)~1/4~scale~8x8-sym,16d9a8ce-8dd6-4d46-aa1d-fb64b06bd042
sym-generic~ic~5-pin~(variant~b)~1/4~scale~8x8-text-name,d69ab408-b16a-4433-a441-997bb67079dd
sym-generic~ic~5-pin~(variant~b)~1/4~scale~8x8-text-value,c0c760a1-3338-477f-8b8e-bb1a12cab9f3
sym-generic~ic~5-pin~(variant~b)~1/6~scale~6x4-pin-1,614ff2b7-423a-4c16-b02e-11ae445827ca
sym-generic~ic~5-pin~(variant~b)~1/6~scale~6x4-pin-2,9b37792e-bbca-4040-bcc2-131af7a0715f
sym-generic~ic~5-pin~(variant~b)~1/6~scale~6x4-pin-3,d6769646-628f-47f4-a97b-62e82ef3886b
sym-generic~ic~5-pin~(variant~b)~1/6~scale~6x4-pin-4,87cb21e4-cfe9-4b88-8c94-ac1820e29edd
sym-generic~ic~5-pin~(variant~b)~1/6~scale~6x4-pin-5,9898541e-26cd-4949-918e-0c969c5bc8c5
sym-generic~ic~5-pin~(variant~b)~1/6~scale~6x4-polygon-contour,dcf980ec-87b9-4f8d-b6d5-a26cf0463466
sym-generic~ic~5-pin~(variant~b)~1/6~scale~6x4-sym,4772d9a5-4bd9-4498-acee-9b4328c32b39
sym-generic~ic~5-pin~(variant~b)~1/6~scale~6x4-text-name,2701baec-9442-4b4d-994f-4887501ad330
sym-generic~ic~5-pin~(variant~b)~1/6~scale~6x4-text-value,f4f5dc38-0f07-4d2f-bada-7e497d49ee31
sym-generic~ic~5-pin~(variant~b)~1/8~scale~4x4-pin-1,5ab8f30f-4731-4de5-814d-67bf8edeca17
sym-generic~ic~5-pin~(variant~b)~1/8~scale~4x4-pin-2,0a650cd5-1cf1-46e4-82c3-de770bbe5586
sym-generic~ic~5-pin~(variant~b)~1/8~scale~4x4-pin-3,396b1195-88d3-4dfb-bbfd-6cf92459a0ff
sym-generic~ic~5-pin~(variant~b)~1/8~scale~4x4-pin-4,5093e138-7dfe-4868-a009-03a545a9e641
sym-generic~ic~5-pin~(variant~b)~1/8~scale~4x4-pin-5,d17df81a-68de-466a-9664-249e9b3ce3e8
sym-generic~ic~5-pin~(variant~b)~1/8~scale~4x4-polygon-contour,05aad79f-76ca-40fa-932d-c78b7161b131
sym-generic~ic~5-pin~(variant~b)~1/8~scale~4x4-sym,11cf1757-a4be-4951-9dfa-1ab8d8b0d602
sym-generic~ic~5-pin~(variant~b)~1/8~scale~4x4-text-name,4fa68adb-ac73-417b-8388-ee99139fe13f
sym-generic~ic~5-pin~(variant~b)~1/8~scale~4x4-text-value,ba493e1e-91a1-4fd3-b9e3-612a0b05fddc
sym-generic~ic~6-pin~1/4~scale~8x8-pin-1,58e640e8-7a28-4dce-a160-95a0e4eee60f
sym-generic~ic~6-pin~1/4~scale~8x8-pin-2,7837537d-1a86-47e4-8970-46212735a59a
sym-generic~ic~6-pin~1/4~scale~8x8-pin-3,03f6ac5c-c7a8-4001-9592-e22a8ce32e61
sym-generic~ic~6-pin~1/4~scale~8x8-pin-4,55c38539-2a41-4d0f-8ce1-830520f9c0bb
sym-generic~ic~6-pin~1/4~scale~8x8-pin-5,6fd0fd16-878a-4605-8fa2-045fe8842c86
sym-generic~ic~6-pin~1/4~scale~8x8-pin-6,d1bd1c32-4bfa-490e-aaf7-beb342867b42
sym-generic~ic~6-pin~1/4~scale~8x8-polygon-contour,d9c744a7-596a-4e22-83f6-edce2c5ee150
sym-generic~ic~6-pin~1/4~scale~8x8-sym,4b1ecb17-afe3-425a-aeef-954f7057908b
sym-generic~ic~6-pin~1/4~scale~8x8-text-name,9630a74b-16ec-4e06-b374-b16ae1c7e448
sym-generic~ic~6-pin~1/4~scale~8x8-text-value,a50aaa24-7db7-48cb-bfe9-b9c98990af24
sym-generic~ic~6-pin~1/6~scale~6x4-pin-1,fbeb2e73-a8a6-42f3-a0a0-3d7256397fef
sym-generic~ic~6-pin~1/6~scale~6x4-pin-2,d4a17539-7476-408a-bed8-8b2ca4861019
sym-generic~ic~6-pin~1/6~scale~6x4-pin-3,c395deca-0442-468a-828c-9da162a707ef
sym-generic~ic~6-pin~1/6~scale~6x4-pin-4,252af3b5-d7e3-42b0-b62d-30ada6d3e230
sym-generic~ic~6-pin~1/6~scale~6x4-pin-5,c54449c3-47dc-4b62-9ada-bdb42f8a5a82
sym-generic~ic~6-pin~1/6~scale~6x4-pin-6,8bbea280-350d-49c5-b245-870023c22c19
sym-generic~ic~6-pin~1/6~scale~6x4-polygon-contour,dd9c74a5-cc8f-4c5d-b740-39a60ed2ad49
sym-generic~ic~6-pin~1/6~scale~6x4-sym,736ee6f4-25fd-45ce-822e-21603548c427
sym-generic~ic~6-pin~1/6~scale~6x4-text-name,02629731-32ff-44e1-8557-abaf2a2ddb46
sym-generic~ic~6-pin~1/6~scale~6x4-text-value,fda9cc63-3d90-413f-9ba3-777de854bc01
sym-generic~ic~6-pin~1/8~scale~4x4-pin-1,63bec4bd-9278-4ecf-85bd-b81f7f06dcbf
sym-generic~ic~6-pin~1/8~scale~4x4-pin-2,29baa07d-ff9b-45ff-bc21-59997a39819a
sym-generic~ic~6-pin~1/8~scale~4x4-pin-3,e0075135-432c-407b-8d89-7acb63d3283c
sym-generic~ic~6-pin~1/8~scale~4x4-pin-4,e6003aec-12c5-4199-a88c-c59752381d93
sym-generic~ic~6-pin~1/8~scale~4x4-pin-5,77dc1fee-9899-4f6b-8ac3-7049d9d41e92
sym-generic~ic~6-pin~1/8~scale~4x4-pin-6,61a37bbf-ed81-45b4-af93-6b401d3aff6b
sym-generic~ic~6-pin~1/8~scale~4x4-polygon-contour,e6e8d86b-0e8a-48fa-a015-f4f750b2cc48
sym-generic~ic~6-pin~1/8~scale~4x4-sym,96b1c776-3f35-4f2a-857a-903357d7112d
sym-generic~ic~6-pin~1/8~scale~4x4-text-name,06f150dd-5ae1-4362-9227-06e043fa8ed5
sym-generic~ic~6-pin~1/8~scale~4x4-text-value,a5ad6545-07eb-4554-a8eb-a092bfabb07e
sym-generic~ic~8-pin~1/4~scale~8x8-pin-1,78aae207-51ca-4250-8338-735f9a603269
sym-generic~ic~8-pin~1/4~scale~8x8-pin-2,e3acc8ff-e1eb-4ddf-bc24-21133f894f8e
sym-generic~ic~8-pin~1/4~scale~8x8-pin-3,c6d9934f-c0ed-45a7-a567-7f89195560b1
sym-generic~ic~8-pin~1/4~scale~8x8-pin-4,d3d5ad1d-17bd-4b04-87d3-f6ca299a8424
sym-generic~ic~8-pin~1/4~scale~8x8-pin-5,59f616de-24ea-4d3c-aa2c-081bcaff2dc5
sym-generic~ic~8-pin~1/4~scale~8x8-pin-6,6950ac73-1980-453f-aff5-96547c449bf0
sym-generic~ic~8-pin~1/4~scale~8x8-pin-7,a7c4b54a-870f-4c69-9680-c3a89dbbe9c1
sym-generic~ic~8-pin~1/4~scale~8x8-pin-8,2b687d62-0b94-4dab-9152-cae034c90be7
sym-generic~ic~8-pin~1/4~scale~8x8-polygon-contour,f9ddbe48-6913-483c-aad1-27c90affac10
sym-generic~ic~8-pin~1/4~scale~8x8-sym,d2103ac8-128c-4ed8-8d97-58710076719b
sym-generic~ic~8-pin~1/4~scale~8x8-text-name,6c28f5b6-5809-4d07-9c0f-e8cd7a4c2bbd
sym-generic~ic~8-pin~1/4~scale~8x8-text-value,6f6d180f-6ec2-465c-b2c9-d487cb7e9fb7
sym-generic~ic~8-pin~1/6~scale~6x5-pin-1,c3c7f194-bfa7-47c9-999b-416bd7ad08bc
sym-generic~ic~8-pin~1/6~scale~6x5-pin-2,baa0c87d-ba6c-418d-933f-ab5dfca3d7b4
sym-generic~ic~8-pin~1/6~scale~6x5-pin-3,86145814-6359-4cdd-b9b1-10d54e9134e6
sym-generic~ic~8-pin~1/6~scale~6x5-pin-4,0df9d491-d384-4a90-acda-d824fdf505f8
sym-generic~ic~8-pin~1/6~scale~6x5-pin-5,5540afd5-ea12-4448-85dd-094951a4b245
sym-generic~ic~8-pin~1/6~scale~6x5-pin-6,e5c88375-9f0f-4b02-99ad-8a99086d05c5
sym-generic~ic~8-pin~1/6~scale~6x5-pin-7,cfe891cc-c499-4ecf-8944-c48fe1b61640
sym-generic~ic~8-pin~1/6~scale~6x5-pin-8,3e937649-6a07-4a4b-ba75-6f2c887363a2
sym-generic~ic~8-pin~1/6~scale~6x5-polygon-contour,217cacc5-cba3-4987-b72d-184914e3e208
sym-generic~ic~8-pin~1/6~scale~6x5-sym,cf5c1c98-b34d-49dc-9b55-6e8b10ddf313
sym-generic~ic~8-pin~1/6~scale~6x5-text-name,6b67a60f-0933-4e0f-b046-670655c0017d
sym-generic~ic~8-pin~1/6~scale~6x5-text-value,be1707bd-5962-4f47-ac44-976f80f3733a
sym-generic~ic~8-pin~1/8~scale~4x5-pin-1,2db20dfa-5fdc-47a5-89bf-04929b77dbb1
sym-generic~ic~8-pin~1/8~scale~4x5-pin-2,6f26def3-ee27-43b0-bfbb-29f6e9302425
sym-generic~ic~8-pin~1/8~scale~4x5-pin-3,688a7ac0-fc28-4203-b20b-e901cf59609d
sym-generic~ic~8-pin~1/8~scale~4x5-pin-4,84ecd852-2b46-428c-b098-ee7cefbcec67
sym-generic~ic~8-pin~1/8~scale~4x5-pin-5,a39cc840-e208-4e68-85d3-1bb55c0757f5
sym-generic~ic~8-pin~1/8~scale~4x5-pin-6,2ecb6340-f67b-4721-8f4d-212ba23e6b95
sym-generic~ic~8-pin~1/8~scale~4x5-pin-7,1f117202-0be0-424d-a837-9335a74718df
sym-generic~ic~8-pin~1/8~scale~4x5-pin-8,44551fda-c7f0-44ee-a9f7-9d5a33ff0298
sym-generic~ic~8-pin~1/8~scale~4x5-polygon-contour,cc7e3324-14ac-4c45-8423-a7ba7f0a0a50
sym-generic~ic~8-pin~1/8~scale~4x5-sym,8ae71dee-46f3-45b0-9485-46752701a810
sym-generic~ic~8-pin~1/8~scale~4x5-text-name,e662d0a6-330b-484f-9419-230832eb3ec4
sym-generic~ic~8-pin~1/8~scale~4x5-text-value,6a85ed2b-0758-454e-b9ec-fef9ec0dde3a
sym-generic~ic~9-pin~(variant~a)~1/4~scale~10x20~pwr-pin-1,8b29a4e7-0fe6-4130-b4af-49c935b9aa71
sym-generic~ic~9-pin~(variant~a)~1/4~scale~10x20~pwr-pin-2,4d0ddeca-cecb-4a7a-a0e8-bf4321903d28
sym-generic~ic~9-pin~(variant~a)~1/4~scale~10x20~pwr-pin-3,7773f9ed-7e4f-4155-8f6b-6ee5ab92ab15
sym-generic~ic~9-pin~(variant~a)~1/4~scale~10x20~pwr-pin-4,ff991d47-2023-4b2f-bf75-2688101fa1e1
sym-generic~ic~9-pin~(variant~a)~1/4~scale~10x20~pwr-pin-5,87fa3c28-633d-474c-a251-29d067a03cca
sym-generic~ic~9-pin~(variant~a)~1/4~scale~10x20~pwr-pin-6,1ac18d2d-c212-4cb9-a7ba-fb49e8a6fd1e
sym-generic~ic~9-pin~(variant~a)~1/4~scale~10x20~pwr-pin-7,0620931e-c7c4-4917-b337-67a6a675efca
sym-generic~ic~9-pin~(variant~a)~1/4~scale~10x20~pwr-pin-8,dd243088-505e-4784-86ae-1932c75b5897
sym-generic~ic~9-pin~(variant~a)~1/4~scale~10x20~pwr-pin-9,27233844-7940-4c96-8484-01d190e5fc50
sym-generic~ic~9-pin~(variant~a)~1/4~scale~10x20~pwr-pin-gnd,4131c52d-a3b6-4b42-ba60-d93f9e0c8a43
sym-generic~ic~9-pin~(variant~a)~1/4~scale~10x20~pwr-pin-pwr,7edf36e8-6e29-4568-92d0-07e87fe43780
sym-generic~ic~9-pin~(variant~a)~1/4~scale~10x20~pwr-polygon-contour,6f638107-45b4-4770-82ff-4d524ec21072
sym-generic~ic~9-pin~(variant~a)~1/4~scale~10x20~pwr-sym,465a39b9-be45-4386-81a2-37fec0f62a2c
sym-generic~ic~9-pin~(variant~a)~1/4~scale~10x20~pwr-text-name,87d5b433-0942-4cfa-b6cd-c4784bea0e95
sym-generic~ic~9-pin~(variant~a)~1/4~scale~10x20~pwr-text-value,08cf69d6-5224-4dec-81ad-e7f38d4842d5
